"Дата","Цена","Откр.","Макс.","Мин.","Объём","Изм. %"
"15.05.2020","4,71","4,94","5,15","4,60","-","-5,42%"
"14.05.2020","4,98","5,07","5,25","4,91","-","-0,40%"
"13.05.2020","5,00","5,17","5,37","4,90","-","-6,54%"
"12.05.2020","5,35","5,22","5,36","5,05","-","1,52%"
"11.05.2020","5,27","5,29","5,34","5,11","-","2,33%"
"08.05.2020","5,15","5,27","5,30","4,94","-","-0,19%"
"07.05.2020","5,16","4,74","5,28","4,67","-","5,09%"
"06.05.2020","4,91","4,86","5,03","4,71","-","4,03%"
"05.05.2020","4,72","4,74","4,82","4,65","-","0,64%"
"04.05.2020","4,69","4,87","4,88","4,55","-","-1,05%"
"01.05.2020","4,74","5,12","5,13","4,60","-","-4,05%"
"30.04.2020","4,94","5,12","5,18","4,81","-","-5,73%"
"29.04.2020","5,24","5,24","5,40","5,14","-","-4,03%"
"28.04.2020","5,46","5,38","5,53","5,28","-","-0,55%"
"27.04.2020","5,49","5,73","5,73","5,42","-","-5,18%"
"24.04.2020","5,79","6,16","6,17","5,78","-","-9,11%"
"23.04.2020","6,37","6,54","6,55","6,06","-","-4,64%"
"22.04.2020","6,68","6,92","6,94","6,57","-","-6,96%"
"21.04.2020","7,18","7,44","7,54","7,13","-","1,70%"
"20.04.2020","7,06","6,93","7,14","6,47","-","-0,28%"
"17.04.2020","7,08","6,66","7,30","6,52","-","10,28%"
"16.04.2020","6,42","6,70","6,72","6,32","-","-4,18%"
"15.04.2020","6,70","6,18","6,82","6,09","-","9,84%"
"14.04.2020","6,10","6,52","6,81","6,09","-","-10,56%"
"13.04.2020","6,82","6,80","6,82","6,54","-","3,49%"
"09.04.2020","6,59","6,61","6,81","6,38","-","-2,23%"
"08.04.2020","6,74","6,96","7,15","6,54","-","-3,85%"
"07.04.2020","7,01","5,93","7,06","5,89","-","12,52%"
"06.04.2020","6,23","5,78","6,23","5,70","-","2,81%"
"03.04.2020","6,06","6,55","6,55","5,82","-","-8,18%"
"02.04.2020","6,60","7,51","11,00","6,60","-","-14,62%"
"01.04.2020","7,73","8,50","8,74","7,13","-","-7,43%"
"31.03.2020","8,35","9,15","9,50","8,27","-","-12,38%"
"30.03.2020","9,53","8,87","9,72","8,82","-","15,24%"
"27.03.2020","8,27","10,05","10,36","7,95","-","-13,40%"
"26.03.2020","9,55","8,72","9,70","8,32","-","17,18%"
"25.03.2020","8,15","8,30","8,34","7,76","-","-14,21%"
"24.03.2020","9,50","12,42","12,56","9,26","-","-27,81%"
"23.03.2020","13,16","13,88","14,98","12,87","-","-0,90%"
"20.03.2020","13,28","14,17","17,24","11,22","-","-18,97%"
"19.03.2020","16,39","14,62","27,35","7,29","-","6,50%"
"18.03.2020","15,39","10,15","19,94","6,87","-","60,65%"
"17.03.2020","9,58","9,78","9,88","8,68","-","-8,33%"
"16.03.2020","10,45","10,80","11,03","9,69","-","9,42%"
"13.03.2020","9,55","11,21","12,21","7,38","-","-29,78%"
"12.03.2020","13,60","16,29","18,51","10,83","-","24,20%"
"11.03.2020","10,95","10,71","11,55","9,52","-","4,78%"
"10.03.2020","10,45","11,70","14,30","10,45","-","-26,36%"
"09.03.2020","14,19","14,73","15,13","11,82","-","44,80%"
"06.03.2020","9,80","8,58","10,85","8,35","-","49,62%"
"05.03.2020","6,55","6,14","6,84","5,95","-","11,97%"
"04.03.2020","5,85","6,28","6,53","5,80","-","-13,46%"
"03.03.2020","6,76","6,52","7,24","6,02","-","3,05%"
"02.03.2020","6,56","8,30","8,30","6,48","-","-13,46%"
"28.02.2020","7,58","6,75","8,04","5,58","-","20,13%"
"27.02.2020","6,31","5,92","6,32","5,64","-","9,74%"
"26.02.2020","5,75","5,35","5,81","5,18","-","3,60%"
"25.02.2020","5,55","5,47","6,45","5,36","-","-2,46%"
"24.02.2020","5,69","5,55","5,84","5,49","-","15,18%"
"21.02.2020","4,94","4,79","5,08","4,73","-","7,39%"
"20.02.2020","4,60","4,56","5,10","4,49","-","2,22%"
"19.02.2020","4,50","4,50","4,56","4,35","-","-0,88%"
"18.02.2020","4,54","4,70","4,73","4,54","-","6,32%"
"14.02.2020","4,27","4,21","4,37","4,18","-","-0,93%"
"13.02.2020","4,31","4,38","4,70","3,74","-","1,41%"
"12.02.2020","4,25","4,29","4,57","4,24","-","-4,06%"
"11.02.2020","4,43","4,42","4,62","4,34","-","-4,53%"
"10.02.2020","4,64","4,56","4,75","4,55","-","3,34%"
"07.02.2020","4,49","4,13","4,77","4,05","-","10,59%"
"06.02.2020","4,06","4,37","4,40","3,87","-","-6,67%"
"05.02.2020","4,35","4,41","4,63","4,28","-","-5,23%"
"04.02.2020","4,59","4,78","4,83","4,47","-","-9,47%"
"03.02.2020","5,07","4,96","5,19","4,81","-","-5,23%"
"31.01.2020","5,35","4,67","5,42","4,02","-","13,35%"
"30.01.2020","4,72","4,88","5,07","4,70","-","-1,87%"
"29.01.2020","4,81","4,69","4,92","3,55","-","3,89%"
"28.01.2020","4,63","4,64","5,02","4,61","-","-3,94%"
"27.01.2020","4,82","4,75","4,83","4,58","-","12,62%"
"24.01.2020","4,28","4,00","4,38","3,96","-","3,88%"
"23.01.2020","4,12","3,99","4,24","3,99","-","4,30%"
"22.01.2020","3,95","3,83","3,96","3,78","-","0,00%"
"21.01.2020","3,95","3,72","3,97","3,69","-","12,86%"
"17.01.2020","3,50","3,59","3,71","3,49","-","-6,42%"
"16.01.2020","3,74","3,76","3,87","3,69","-","0,00%"
"15.01.2020","3,74","3,69","3,77","3,66","-","0,27%"
"14.01.2020","3,73","3,74","4,21","3,62","-","1,63%"
"13.01.2020","3,67","3,81","3,86","3,66","-","-1,34%"
"10.01.2020","3,72","3,90","4,35","3,70","-","-7,69%"
"09.01.2020","4,03","4,20","4,27","4,01","-","-4,95%"
"08.01.2020","4,24","4,48","4,49","3,77","-","-1,62%"
"07.01.2020","4,31","4,43","4,48","3,89","-","-1,15%"
"06.01.2020","4,36","4,49","4,54","4,35","-","1,40%"
"03.01.2020","4,30","4,35","4,51","4,16","-","5,13%"
"02.01.2020","4,09","4,18","4,20","4,08","-","-0,97%"
"31.12.2019","4,13","4,23","4,23","4,04","-","-2,13%"
"30.12.2019","4,22","4,12","4,23","4,11","-","7,38%"
"27.12.2019","3,93","4,10","4,15","3,91","-","-5,53%"
"26.12.2019","4,16","4,19","4,23","4,11","-","0,97%"
"24.12.2019","4,12","4,27","4,34","4,10","-","-0,72%"
"23.12.2019","4,15","4,02","4,33","3,96","-","6,14%"
"20.12.2019","3,91","3,86","3,99","3,71","-","-0,51%"
"19.12.2019","3,93","3,96","4,19","3,84","-","1,55%"
"18.12.2019","3,87","3,92","4,01","3,86","-","-0,51%"
"17.12.2019","3,89","3,91","3,95","3,72","-","-2,02%"
"16.12.2019","3,97","3,97","3,99","3,86","-","-3,41%"
"13.12.2019","4,11","4,29","4,75","3,91","-","-9,27%"
"12.12.2019","4,53","4,43","4,60","4,06","-","1,80%"
"11.12.2019","4,45","4,57","4,60","4,45","-","-3,89%"
"10.12.2019","4,63","4,82","4,85","4,32","-","-2,53%"
"09.12.2019","4,75","4,67","4,86","4,64","-","4,63%"
"06.12.2019","4,54","4,53","4,58","4,23","-","0,67%"
"05.12.2019","4,51","4,49","4,57","4,40","-","0,89%"
"04.12.2019","4,47","4,47","4,55","4,36","-","-2,61%"
"03.12.2019","4,59","4,59","4,77","4,45","-","5,52%"
"02.12.2019","4,35","4,42","4,44","4,15","-","4,07%"
"29.11.2019","4,18","4,12","4,20","4,05","-","3,21%"
"27.11.2019","4,05","4,16","4,22","4,00","-","-3,11%"
"26.11.2019","4,18","4,17","4,20","4,12","-","1,46%"
"25.11.2019","4,12","4,23","4,25","4,11","-","0,24%"
"22.11.2019","4,11","4,24","4,25","4,05","-","-4,64%"
"21.11.2019","4,31","4,35","4,43","3,65","-","-3,79%"
"20.11.2019","4,48","4,40","4,88","4,01","-","4,67%"
"19.11.2019","4,28","4,28","4,31","3,48","-","-1,38%"
"18.11.2019","4,34","4,38","4,42","4,29","-","1,40%"
"15.11.2019","4,28","4,56","4,61","4,24","-","-4,89%"
"14.11.2019","4,50","4,39","7,88","4,34","-","0,90%"
"13.11.2019","4,46","4,59","4,61","4,30","-","-3,46%"
"12.11.2019","4,62","4,77","4,79","4,47","-","-2,94%"
"11.11.2019","4,76","4,80","4,81","4,75","-","1,49%"
"08.11.2019","4,69","5,12","5,13","4,33","-","-5,06%"
"07.11.2019","4,94","4,38","5,45","4,35","-","15,69%"
"06.11.2019","4,27","4,25","4,34","4,17","-","-0,70%"
"05.11.2019","4,30","4,26","4,30","4,07","-","2,38%"
"04.11.2019","4,20","4,19","4,23","4,15","-","2,94%"
"01.11.2019","4,08","4,34","4,36","3,99","-","-7,27%"
"31.10.2019","4,40","4,33","4,47","4,16","-","1,15%"
"30.10.2019","4,35","4,62","4,71","4,34","-","-7,45%"
"29.10.2019","4,70","4,79","4,84","4,68","-","-3,69%"
"28.10.2019","4,88","4,73","4,89","4,69","-","5,86%"
"25.10.2019","4,61","4,70","4,84","4,59","-","-3,56%"
"24.10.2019","4,78","4,98","5,02","4,75","-","-5,91%"
"23.10.2019","5,08","5,17","5,21","5,08","-","-2,50%"
"22.10.2019","5,21","5,27","5,27","5,15","-","-3,16%"
"21.10.2019","5,38","5,47","5,53","5,34","-","1,13%"
"18.10.2019","5,32","5,36","5,44","5,27","-","1,72%"
"17.10.2019","5,23","5,32","5,33","4,43","-","0,77%"
"16.10.2019","5,19","5,25","5,54","4,99","-","-2,26%"
"15.10.2019","5,31","5,33","5,35","5,18","-","0,57%"
"14.10.2019","5,28","5,45","5,45","5,27","-","-1,31%"
"11.10.2019","5,35","5,42","9,62","3,34","-","2,69%"
"10.10.2019","5,21","5,25","5,42","4,87","-","0,58%"
"09.10.2019","5,18","5,28","5,31","5,11","-","-2,81%"
"08.10.2019","5,33","5,39","5,40","5,01","-","1,91%"
"07.10.2019","5,23","5,38","5,40","5,18","-","0,97%"
"04.10.2019","5,18","5,47","5,47","4,98","-","-2,81%"
"03.10.2019","5,33","5,54","5,65","3,62","-","-4,31%"
"02.10.2019","5,57","5,67","5,70","5,22","-","-1,59%"
"01.10.2019","5,66","5,46","6,44","5,45","-","6,99%"
"30.09.2019","5,29","5,39","5,41","5,26","-","-0,94%"
"27.09.2019","5,34","5,35","5,45","5,24","-","-1,66%"
"26.09.2019","5,43","5,35","5,57","5,30","-","-1,27%"
"25.09.2019","5,50","5,55","5,92","5,28","-","-2,48%"
"24.09.2019","5,64","5,39","5,68","5,28","-","1,62%"
"23.09.2019","5,55","5,53","5,64","5,48","-","-1,07%"
"20.09.2019","5,61","5,14","5,68","4,95","-","5,25%"
"19.09.2019","5,33","5,42","5,44","5,13","-","-5,83%"
"18.09.2019","5,66","5,71","5,75","5,06","-","-2,92%"
"17.09.2019","5,83","6,00","6,04","5,58","-","-2,35%"
"16.09.2019","5,97","5,88","6,14","5,74","-","1,53%"
"13.09.2019","5,88","5,14","6,40","5,07","-","14,40%"
"12.09.2019","5,14","4,94","5,64","4,73","-","0,00%"
"11.09.2019","5,14","5,18","5,43","3,83","-","0,59%"
"10.09.2019","5,11","4,85","5,12","4,47","-","4,71%"
"09.09.2019","4,88","4,97","4,97","4,83","-","1,67%"
"06.09.2019","4,80","5,19","5,23","4,80","-","-5,88%"
"05.09.2019","5,10","5,15","5,16","4,95","-","-2,11%"
"04.09.2019","5,21","5,28","5,33","5,18","-","-2,80%"
"03.09.2019","5,36","5,50","5,52","4,86","-","1,32%"
"30.08.2019","5,29","5,11","5,32","3,64","-","1,15%"
"29.08.2019","5,23","5,29","5,30","4,29","-","-3,68%"
"28.08.2019","5,43","5,66","5,69","5,39","-","-1,99%"
"27.08.2019","5,54","5,54","5,68","4,86","-","0,54%"
"26.08.2019","5,51","5,77","5,85","5,47","-","-1,43%"
"23.08.2019","5,59","5,30","5,85","4,69","-","4,49%"
"22.08.2019","5,35","5,47","5,50","5,29","-","-0,56%"
"21.08.2019","5,38","5,52","5,52","5,35","-","-6,43%"
"20.08.2019","5,75","5,70","5,80","5,65","-","0,52%"
"19.08.2019","5,72","5,93","5,97","5,70","-","-3,70%"
"16.08.2019","5,94","6,15","6,19","5,83","-","-7,19%"
"15.08.2019","6,40","6,03","6,57","4,15","-","9,03%"
"14.08.2019","5,87","5,93","5,96","5,67","-","9,11%"
"13.08.2019","5,38","5,70","5,72","5,03","-","-6,60%"
"12.08.2019","5,76","5,62","5,84","5,51","-","11,20%"
"09.08.2019","5,18","5,36","5,64","5,13","-","-5,30%"
"08.08.2019","5,47","5,57","5,58","4,69","-","-2,32%"
"07.08.2019","5,60","5,73","6,49","5,51","-","3,51%"
"06.08.2019","5,41","5,45","5,50","5,25","-","-6,08%"
"05.08.2019","5,76","5,70","5,93","5,59","-","19,01%"
"02.08.2019","4,84","4,85","5,09","4,52","-","-2,22%"
"01.08.2019","4,95","4,07","5,00","3,98","-","17,30%"
"31.07.2019","4,22","4,32","4,36","3,85","-","-1,40%"
"30.07.2019","4,28","4,37","4,38","4,26","-","-1,61%"
"29.07.2019","4,35","4,45","4,45","4,32","-","2,59%"
"26.07.2019","4,24","4,55","4,58","4,16","-","-7,42%"
"25.07.2019","4,58","4,48","4,60","4,38","-","2,46%"
"24.07.2019","4,47","4,39","4,74","4,38","-","1,36%"
"23.07.2019","4,41","4,34","4,42","3,94","-","0,92%"
"22.07.2019","4,37","4,41","4,50","4,33","-","2,10%"
"19.07.2019","4,28","4,51","4,51","4,22","-","-2,95%"
"18.07.2019","4,41","4,32","4,44","4,24","-","0,68%"
"17.07.2019","4,38","4,34","4,38","4,28","-","1,39%"
"16.07.2019","4,32","4,33","4,50","4,25","-","-0,46%"
"15.07.2019","4,34","4,29","4,38","4,28","-","3,33%"
"12.07.2019","4,20","4,34","4,34","4,18","-","-3,67%"
"11.07.2019","4,36","4,17","4,37","3,53","-","2,59%"
"10.07.2019","4,25","4,46","4,51","4,08","-","-0,47%"
"09.07.2019","4,27","4,36","4,37","4,25","-","0,00%"
"08.07.2019","4,27","4,36","4,39","4,26","-","2,89%"
"05.07.2019","4,15","4,35","4,36","3,88","-","-4,16%"
"03.07.2019","4,33","4,44","4,44","4,29","-","-1,37%"
"02.07.2019","4,39","4,36","4,47","4,26","-","0,23%"
"01.07.2019","4,38","4,53","4,59","4,35","-","-6,81%"
"28.06.2019","4,70","4,87","4,90","4,67","-","-1,67%"
"27.06.2019","4,78","4,66","4,81","4,56","-","0,63%"
"26.06.2019","4,75","4,84","4,91","4,75","-","-5,94%"
"25.06.2019","5,05","4,93","5,16","4,87","-","1,81%"
"24.06.2019","4,96","4,83","5,01","4,77","-","2,27%"
"21.06.2019","4,85","4,81","4,85","4,61","-","0,21%"
"20.06.2019","4,84","4,82","5,22","4,63","-","-0,21%"
"19.06.2019","4,85","5,28","5,28","4,77","-","-7,09%"
"18.06.2019","5,22","5,74","5,76","5,09","-","-2,61%"
"17.06.2019","5,36","5,25","5,46","5,21","-","-0,92%"
"14.06.2019","5,41","5,64","5,64","4,90","-","2,46%"
"13.06.2019","5,28","4,81","5,55","4,78","-","12,58%"
"12.06.2019","4,69","4,71","4,80","4,51","-","4,45%"
"11.06.2019","4,49","4,35","4,49","3,40","-","1,58%"
"10.06.2019","4,42","4,53","4,65","4,39","-","-4,74%"
"07.06.2019","4,64","5,08","5,28","4,62","-","-8,66%"
"06.06.2019","5,08","5,15","5,20","5,00","-","-3,79%"
"05.06.2019","5,28","5,12","5,37","5,09","-","1,34%"
"04.06.2019","5,21","5,50","5,50","4,99","-","-8,92%"
"03.06.2019","5,72","5,64","5,84","5,23","-","1,96%"
"31.05.2019","5,61","5,11","5,68","4,95","-","20,39%"
"30.05.2019","4,66","4,58","4,76","4,40","-","-0,64%"
"29.05.2019","4,69","4,84","4,97","4,62","-","-1,68%"
"28.05.2019","4,77","4,38","4,79","4,24","-","13,03%"
"24.05.2019","4,22","4,40","4,47","4,17","-","-4,31%"
"23.05.2019","4,41","4,19","4,53","4,05","-","8,09%"
"22.05.2019","4,08","4,09","4,20","4,00","-","0,00%"
"21.05.2019","4,08","4,12","4,15","3,69","-","-2,39%"
"20.05.2019","4,18","4,24","4,30","4,09","-","1,95%"
"17.05.2019","4,10","4,14","4,18","3,99","-","2,50%"
"16.05.2019","4,00","4,04","4,04","3,84","-","-2,68%"
"15.05.2019","4,11","4,26","4,34","3,87","-","-0,96%"
"14.05.2019","4,15","4,12","4,20","4,04","-","-5,03%"
"13.05.2019","4,37","4,32","4,48","4,28","-","8,44%"
"10.05.2019","4,03","4,25","4,40","3,98","-","-6,50%"
"09.05.2019","4,31","4,46","4,58","4,27","-","3,11%"
"08.05.2019","4,18","4,54","4,55","3,91","-","-3,91%"
"07.05.2019","4,35","4,21","4,44","4,11","-","9,02%"
"06.05.2019","3,99","4,04","4,08","3,91","-","11,14%"
"03.05.2019","3,59","3,73","3,95","3,52","-","-3,49%"
"02.05.2019","3,72","3,80","3,82","3,64","-","-2,87%"
"01.05.2019","3,83","4,06","4,07","3,69","-","-3,28%"
"30.04.2019","3,96","3,96","4,01","3,91","-","-2,70%"
"29.04.2019","4,07","3,83","4,07","3,80","-","11,81%"
"26.04.2019","3,64","3,82","3,89","3,59","-","-4,46%"
"25.04.2019","3,81","3,89","3,94","3,74","-","-2,31%"
"24.04.2019","3,90","3,90","4,04","3,79","-","-0,26%"
"23.04.2019","3,91","3,56","3,95","3,56","-","9,83%"
"22.04.2019","3,56","3,56","3,56","3,56","-","0,00%"
"18.04.2019","3,56","3,65","3,68","3,45","-","-3,26%"
"17.04.2019","3,68","3,68","3,72","3,60","-","1,66%"
"16.04.2019","3,62","3,57","3,64","3,50","-","3,43%"
"15.04.2019","3,50","3,57","3,61","3,49","-","1,45%"
"12.04.2019","3,45","3,58","3,60","3,38","-","0,88%"
"11.04.2019","3,42","3,50","3,52","3,37","-","-4,74%"
"10.04.2019","3,59","3,65","3,67","3,07","-","-2,45%"
"09.04.2019","3,68","3,63","3,83","3,62","-","1,10%"
"08.04.2019","3,64","3,74","3,78","3,63","-","0,55%"
"05.04.2019","3,62","3,69","3,78","2,84","-","-4,23%"
"04.04.2019","3,78","3,77","3,81","3,75","-","0,27%"
"03.04.2019","3,77","3,86","3,88","3,76","-","-5,04%"
"02.04.2019","3,97","3,91","3,98","3,84","-","1,53%"
"01.04.2019","3,91","4,17","4,20","3,87","-","-10,93%"
"29.03.2019","4,39","4,12","4,42","3,56","-","-0,68%"
"28.03.2019","4,42","4,74","4,74","4,11","-","-7,53%"
"27.03.2019","4,78","4,88","5,08","3,57","-","5,29%"
"26.03.2019","4,54","4,54","4,68","3,90","-","-13,36%"
"25.03.2019","5,24","4,10","5,29","4,04","-","22,14%"
"22.03.2019","4,29","3,85","4,62","3,85","-","20,85%"
"21.03.2019","3,55","3,59","3,63","3,40","-","3,80%"
"20.03.2019","3,42","3,45","3,64","3,35","-","-0,87%"
"19.03.2019","3,45","3,54","3,62","3,00","-","-2,82%"
"18.03.2019","3,55","3,76","3,76","3,52","-","-5,59%"
"15.03.2019","3,76","3,76","3,76","3,76","-","0,00%"
"14.03.2019","3,76","3,76","3,81","3,73","-","0,27%"
"13.03.2019","3,75","3,73","3,79","3,70","-","-0,27%"
"12.03.2019","3,76","3,79","3,80","3,37","-","1,90%"
"11.03.2019","3,69","3,79","3,82","3,68","-","1,93%"
"08.03.2019","3,62","3,70","3,79","3,57","-","-2,43%"
"07.03.2019","3,71","3,67","3,75","3,61","-","1,92%"
"06.03.2019","3,64","3,76","3,77","3,62","-","-2,15%"
"05.03.2019","3,72","3,88","3,88","3,71","-","-3,63%"
"04.03.2019","3,86","3,97","3,98","3,84","-","-0,52%"
"01.03.2019","3,88","3,98","4,00","3,73","-","0,52%"
"28.02.2019","3,86","3,85","3,96","3,61","-","-0,77%"
"27.02.2019","3,89","3,69","3,96","3,67","-","5,42%"
"26.02.2019","3,69","3,57","3,69","3,52","-","3,07%"
"25.02.2019","3,58","3,68","3,71","3,39","-","0,85%"
"22.02.2019","3,55","3,62","3,69","3,51","-","-1,66%"
"21.02.2019","3,61","3,62","3,66","3,54","-","4,03%"
"20.02.2019","3,47","3,67","3,67","3,43","-","-4,67%"
"19.02.2019","3,64","3,64","3,69","3,55","-","6,43%"
"15.02.2019","3,42","3,46","3,48","3,32","-","-5,52%"
"14.02.2019","3,62","3,65","3,74","3,37","-","0,56%"
"13.02.2019","3,60","3,70","3,71","3,53","-","-3,23%"
"12.02.2019","3,72","3,61","3,75","3,59","-","1,09%"
"11.02.2019","3,68","3,71","3,75","3,63","-","1,10%"
"08.02.2019","3,64","3,77","3,78","3,62","-","-0,55%"
"07.02.2019","3,66","3,70","3,71","3,57","-","1,67%"
"06.02.2019","3,60","3,63","3,65","3,53","-","-1,10%"
"05.02.2019","3,64","3,76","3,80","3,63","-","-2,41%"
"04.02.2019","3,73","3,74","3,75","3,68","-","1,91%"
"01.02.2019","3,66","3,88","3,89","3,51","-","-4,44%"
"31.01.2019","3,83","3,75","3,87","3,63","-","1,06%"
"30.01.2019","3,79","3,85","3,88","3,75","-","-3,32%"
"29.01.2019","3,92","3,89","3,94","3,85","-","1,29%"
"28.01.2019","3,87","3,89","4,01","3,85","-","1,84%"
"25.01.2019","3,80","3,97","3,97","3,79","-","-6,63%"
"24.01.2019","4,07","4,18","4,21","3,95","-","-0,73%"
"23.01.2019","4,10","4,16","4,31","4,10","-","-3,53%"
"22.01.2019","4,25","4,21","4,34","4,00","-","10,68%"
"18.01.2019","3,84","3,93","4,05","3,81","-","-4,48%"
"17.01.2019","4,02","4,06","4,07","3,61","-","2,55%"
"16.01.2019","3,92","3,94","4,00","3,85","-","-1,26%"
"15.01.2019","3,97","4,09","4,15","3,88","-","-1,98%"
"14.01.2019","4,05","4,19","4,21","4,01","-","0,75%"
"11.01.2019","4,02","4,27","4,27","3,97","-","-3,37%"
"10.01.2019","4,16","4,33","4,34","3,81","-","-3,03%"
"09.01.2019","4,29","4,38","4,45","4,25","-","-2,94%"
"08.01.2019","4,42","4,48","4,56","4,36","-","-1,34%"
"07.01.2019","4,48","4,70","4,73","4,47","-","-3,24%"
"04.01.2019","4,63","4,80","4,83","4,54","-","-8,13%"
"03.01.2019","5,04","4,43","5,09","3,74","-","14,81%"
"02.01.2019","4,39","4,72","4,72","4,34","-","-4,15%"
"31.12.2018","4,58","4,60","4,63","4,51","-","0,66%"
"28.12.2018","4,55","4,43","4,62","4,40","-","-0,44%"
"27.12.2018","4,57","4,49","4,86","4,49","-","3,63%"
"26.12.2018","4,41","4,83","4,86","4,39","-","-10,18%"
"24.12.2018","4,91","5,35","5,42","4,88","-","0,41%"
"21.12.2018","4,89","4,34","4,91","4,16","-","13,46%"
"20.12.2018","4,31","3,80","4,57","3,79","-","12,53%"
"19.12.2018","3,83","4,03","4,09","3,67","-","-6,81%"
"18.12.2018","4,11","3,96","4,14","3,94","-","1,73%"
"17.12.2018","4,04","3,80","4,09","3,76","-","10,38%"
"14.12.2018","3,66","3,61","3,76","3,41","-","-3,94%"
"13.12.2018","3,81","3,88","3,90","3,76","-","-4,99%"
"12.12.2018","4,01","4,18","4,19","3,99","-","-6,53%"
"11.12.2018","4,29","4,18","4,36","4,18","-","-2,05%"
"10.12.2018","4,38","4,39","4,63","4,32","-","0,69%"
"07.12.2018","4,35","4,07","4,43","3,96","-","2,84%"
"06.12.2018","4,23","4,23","4,90","4,01","-","6,02%"
"04.12.2018","3,99","3,79","4,14","3,64","-","6,12%"
"03.12.2018","3,76","3,72","3,80","3,68","-","-3,09%"
"30.11.2018","3,88","3,91","3,96","3,84","-","0,78%"
"29.11.2018","3,85","3,92","3,98","3,80","-","0,52%"
"28.11.2018","3,83","3,88","4,02","3,83","-","-1,54%"
"27.11.2018","3,89","3,93","3,98","3,87","-","-1,27%"
"26.11.2018","3,94","3,97","4,01","3,88","-","-1,75%"
"23.11.2018","4,01","4,17","4,26","3,96","-","-7,18%"
"21.11.2018","4,32","4,18","4,34","4,07","-","0,70%"
"20.11.2018","4,29","4,37","4,39","3,92","-","-1,83%"
"19.11.2018","4,37","4,35","4,45","4,25","-","3,80%"
"16.11.2018","4,21","4,07","4,28","4,05","-","3,44%"
"15.11.2018","4,07","4,21","4,28","3,34","-","-2,40%"
"14.11.2018","4,17","4,10","4,40","2,37","-","2,21%"
"13.11.2018","4,08","3,94","4,12","3,83","-","4,62%"
"12.11.2018","3,90","3,99","4,04","3,88","-","2,09%"
"09.11.2018","3,82","3,82","3,93","3,71","-","-4,74%"
"08.11.2018","4,01","3,85","4,01","3,67","-","0,00%"
"07.11.2018","4,01","3,84","4,01","3,64","-","-13,95%"
"06.11.2018","4,66","4,49","4,72","4,42","-","5,19%"
"05.11.2018","4,43","4,66","4,66","4,40","-","-3,28%"
"02.11.2018","4,58","4,30","4,58","4,23","-","5,53%"
"01.11.2018","4,34","4,36","4,47","4,28","-","-1,59%"
"31.10.2018","4,41","4,49","4,55","4,39","-","-4,96%"
"30.10.2018","4,64","4,49","4,79","4,48","-","-0,64%"
"29.10.2018","4,67","4,62","4,84","4,43","-","-0,43%"
"26.10.2018","4,69","4,55","4,94","4,28","-","9,58%"
"25.10.2018","4,28","4,38","4,43","3,83","-","-8,74%"
"24.10.2018","4,69","4,22","4,85","4,17","-","12,74%"
"23.10.2018","4,16","4,16","4,37","4,08","-","5,85%"
"22.10.2018","3,93","3,97","3,98","3,85","-","5,08%"
"19.10.2018","3,74","3,70","3,77","3,08","-","-1,06%"
"18.10.2018","3,78","3,75","3,93","3,70","-","3,00%"
"17.10.2018","3,67","3,70","3,71","3,51","-","-1,08%"
"16.10.2018","3,71","3,90","3,90","3,67","-","-4,63%"
"15.10.2018","3,89","4,06","4,09","3,83","-","-1,02%"
"12.10.2018","3,93","4,10","4,23","3,89","-","-5,53%"
"11.10.2018","4,16","4,35","4,42","3,97","-","-5,88%"
"10.10.2018","4,42","4,18","4,44","4,16","-","7,80%"
"09.10.2018","4,10","4,43","4,43","4,08","-","-5,09%"
"08.10.2018","4,32","4,22","4,32","4,18","-","2,61%"
"05.10.2018","4,21","4,19","4,41","3,78","-","1,69%"
"04.10.2018","4,14","4,43","4,44","4,11","-","6,98%"
"03.10.2018","3,87","3,45","4,01","3,43","-","11,85%"
"02.10.2018","3,46","3,48","3,51","3,39","-","-0,29%"
"01.10.2018","3,47","3,49","3,53","3,44","-","3,89%"
"28.09.2018","3,34","3,47","3,47","3,30","-","0,30%"
"27.09.2018","3,33","3,37","3,42","3,24","-","-3,48%"
"26.09.2018","3,45","3,66","3,67","3,37","-","-7,01%"
"25.09.2018","3,71","3,75","3,77","3,66","-","2,49%"
"24.09.2018","3,62","3,57","3,66","3,54","-","6,16%"
"21.09.2018","3,41","3,64","3,69","3,38","-","-2,57%"
"20.09.2018","3,50","3,59","3,76","2,91","-","-1,13%"
"19.09.2018","3,54","3,44","3,64","3,41","-","5,04%"
"18.09.2018","3,37","3,24","3,49","3,21","-","3,06%"
"17.09.2018","3,27","3,38","3,43","3,15","-","3,48%"
"14.09.2018","3,16","3,10","3,55","3,03","-","-5,11%"
"13.09.2018","3,33","3,45","3,46","2,45","-","-2,63%"
"12.09.2018","3,42","3,52","3,51","3,42","-","-2,84%"
"11.09.2018","3,52","3,54","3,59","3,49","-","-2,22%"
"10.09.2018","3,60","3,69","3,70","3,60","-","0,56%"
"07.09.2018","3,58","3,66","3,71","3,28","-","-3,76%"
"06.09.2018","3,72","3,69","3,78","3,63","-","0,00%"
"05.09.2018","3,72","3,82","3,85","3,70","-","-2,36%"
"04.09.2018","3,81","3,84","3,84","3,64","-","4,38%"
"31.08.2018","3,65","3,76","3,80","3,64","-","-2,41%"
"30.08.2018","3,74","3,69","3,82","3,64","-","4,47%"
"29.08.2018","3,58","3,69","3,77","3,52","-","-2,98%"
"28.08.2018","3,69","3,55","3,72","3,53","-","3,07%"
"27.08.2018","3,58","3,69","7,33","3,54","-","1,99%"
"24.08.2018","3,51","3,73","3,74","3,41","-","-5,65%"
"23.08.2018","3,72","3,77","3,87","3,66","-","-2,11%"
"22.08.2018","3,80","3,88","3,99","3,71","-","1,88%"
"21.08.2018","3,73","3,87","3,88","3,68","-","-6,05%"
"20.08.2018","3,97","3,94","4,05","3,93","-","2,58%"
"17.08.2018","3,87","3,90","3,97","3,82","-","-0,26%"
"16.08.2018","3,88","3,93","3,93","3,77","-","-2,76%"
"15.08.2018","3,99","4,04","4,42","3,95","-","3,37%"
"14.08.2018","3,86","3,94","3,97","3,51","-","-6,99%"
"13.08.2018","4,15","4,12","4,21","3,96","-","5,33%"
"10.08.2018","3,94","3,74","4,22","2,69","-","10,06%"
"09.08.2018","3,58","3,68","3,68","3,51","-","-1,38%"
"08.08.2018","3,63","3,72","9,27","3,59","-","-0,55%"
"07.08.2018","3,65","3,68","3,69","3,57","-","-0,82%"
"06.08.2018","3,68","3,77","3,80","3,67","-","-0,27%"
"03.08.2018","3,69","3,73","3,78","3,60","-","-2,38%"
"02.08.2018","3,78","3,79","3,83","3,72","-","-0,26%"
"01.08.2018","3,79","3,78","3,89","3,17","-","3,84%"
"31.07.2018","3,65","3,74","3,76","3,63","-","-8,06%"
"30.07.2018","3,97","3,94","3,98","3,88","-","6,15%"
"27.07.2018","3,74","3,77","3,79","3,57","-","-4,35%"
"26.07.2018","3,91","3,88","4,05","3,76","-","-0,26%"
"25.07.2018","3,92","3,87","3,92","3,73","-","-0,51%"
"24.07.2018","3,94","4,03","4,09","3,73","-","-3,67%"
"23.07.2018","4,09","3,97","4,17","3,95","-","8,78%"
"20.07.2018","3,76","3,63","3,82","3,39","-","3,01%"
"19.07.2018","3,65","3,67","3,75","3,61","-","0,83%"
"18.07.2018","3,62","3,64","3,65","3,50","-","-0,82%"
"17.07.2018","3,65","3,71","3,74","3,63","-","-2,93%"
"16.07.2018","3,76","3,78","3,82","3,71","-","3,58%"
"13.07.2018","3,63","3,71","3,77","3,61","-","-1,63%"
"12.07.2018","3,69","3,85","3,85","3,68","-","-4,40%"
"11.07.2018","3,86","3,89","3,91","3,15","-","1,85%"
"10.07.2018","3,79","3,76","3,81","3,72","-","0,53%"
"09.07.2018","3,77","3,83","3,89","3,76","-","1,62%"
"06.07.2018","3,71","3,86","3,99","3,46","-","-4,13%"
"05.07.2018","3,87","3,91","3,96","3,73","-","0,00%"
"03.07.2018","3,87","3,83","3,88","3,75","-","2,11%"
"02.07.2018","3,79","3,94","3,95","3,65","-","1,88%"
"29.06.2018","3,72","3,83","3,84","3,70","-","-5,10%"
"28.06.2018","3,92","4,02","6,64","3,86","-","-1,51%"
"27.06.2018","3,98","3,87","10,37","3,68","-","5,01%"
"26.06.2018","3,79","3,98","4,01","3,77","-","-5,49%"
"25.06.2018","4,01","3,94","4,16","3,92","-","6,65%"
"22.06.2018","3,76","3,95","3,95","3,74","-","-6,23%"
"21.06.2018","4,01","3,82","4,06","3,76","-","5,80%"
"20.06.2018","3,79","3,84","3,86","3,69","-","-4,05%"
"19.06.2018","3,95","3,95","4,05","3,84","-","5,61%"
"18.06.2018","3,74","3,86","3,90","3,71","-","2,19%"
"15.06.2018","3,66","3,66","3,83","3,63","-","-7,34%"
"14.06.2018","3,95","3,99","3,99","3,68","-","-2,95%"
"13.06.2018","4,07","4,32","4,32","4,00","-","-6,22%"
"12.06.2018","4,34","4,46","4,47","4,19","-","-2,03%"
"11.06.2018","4,43","4,45","4,61","4,09","-","1,14%"
"08.06.2018","4,38","4,41","4,52","4,31","-","1,62%"
"07.06.2018","4,31","4,21","4,51","4,03","-","2,13%"
"06.06.2018","4,22","4,11","4,29","4,08","-","3,43%"
"05.06.2018","4,08","4,09","4,23","4,04","-","0,00%"
"04.06.2018","4,08","4,07","4,10","3,73","-","0,00%"
"01.06.2018","4,08","4,27","4,32","3,71","-","-10,13%"
"31.05.2018","4,54","4,41","4,69","4,34","-","-5,42%"
"30.05.2018","4,80","4,51","4,96","4,34","-","-5,51%"
"29.05.2018","5,08","4,38","5,33","4,12","-","33,33%"
"25.05.2018","3,81","3,78","3,96","3,74","-","1,87%"
"24.05.2018","3,74","3,82","3,97","3,74","-","-5,56%"
"23.05.2018","3,96","4,08","4,08","3,88","-","2,33%"
"22.05.2018","3,87","3,96","4,02","3,82","-","-5,61%"
"21.05.2018","4,10","4,04","4,18","4,00","-","7,33%"
"18.05.2018","3,82","3,90","3,95","3,77","-","-5,68%"
"17.05.2018","4,05","4,17","4,17","3,90","-","-0,74%"
"16.05.2018","4,08","4,12","4,12","3,89","-","5,43%"
"15.05.2018","3,87","3,77","4,08","3,71","-","8,10%"
"14.05.2018","3,58","3,57","3,68","3,50","-","4,07%"
"11.05.2018","3,44","3,53","3,57","3,40","-","-4,71%"
"10.05.2018","3,61","3,85","3,86","3,59","-","-6,23%"
"09.05.2018","3,85","3,98","4,00","3,81","-","0,00%"
"08.05.2018","3,85","3,76","3,89","3,72","-","4,62%"
"07.05.2018","3,68","3,74","3,75","3,68","-","2,79%"
"04.05.2018","3,58","3,75","3,76","3,51","-","-3,76%"
"03.05.2018","3,72","3,73","3,80","3,70","-","-1,33%"
"02.05.2018","3,77","3,98","3,98","3,72","-","-5,28%"
"01.05.2018","3,98","3,90","4,09","3,90","-","1,27%"
"30.04.2018","3,93","3,94","3,94","3,84","-","3,15%"
"27.04.2018","3,81","3,87","3,89","3,70","-","-6,16%"
"26.04.2018","4,06","4,09","4,13","4,00","-","-5,80%"
"25.04.2018","4,31","4,25","4,38","4,17","-","8,02%"
"24.04.2018","3,99","3,88","4,02","3,85","-","3,10%"
"23.04.2018","3,87","3,92","3,95","3,79","-","2,93%"
"20.04.2018","3,76","3,74","3,83","3,57","-","1,08%"
"19.04.2018","3,72","3,67","3,85","3,65","-","1,64%"
"18.04.2018","3,66","3,52","3,67","3,42","-","5,78%"
"17.04.2018","3,46","3,59","3,62","3,40","-","-4,95%"
"16.04.2018","3,64","3,69","3,74","3,55","-","3,12%"
"13.04.2018","3,53","3,60","3,65","3,45","-","-5,11%"
"12.04.2018","3,72","3,71","3,81","3,05","-","0,00%"
"11.04.2018","3,72","3,82","3,84","3,53","-","-1,59%"
"10.04.2018","3,78","3,85","3,86","3,76","-","-1,05%"
"09.04.2018","3,82","3,87","3,93","3,79","-","-0,78%"
"06.04.2018","3,85","4,00","4,00","3,76","-","-0,77%"
"05.04.2018","3,88","3,98","4,01","3,84","-","-1,27%"
"04.04.2018","3,93","4,11","4,18","3,83","-","-2,24%"
"03.04.2018","4,02","4,18","4,19","4,00","-","-7,16%"
"02.04.2018","4,33","4,31","4,46","4,15","-","3,84%"
"29.03.2018","4,17","4,06","4,28","4,04","-","0,72%"
"28.03.2018","4,14","4,15","4,31","3,89","-","2,48%"
"27.03.2018","4,04","3,91","4,21","3,86","-","2,54%"
"26.03.2018","3,94","4,01","4,10","3,92","-","-4,37%"
"23.03.2018","4,12","4,10","4,14","3,85","-","3,00%"
"22.03.2018","4,00","3,85","4,15","3,79","-","3,36%"
"21.03.2018","3,87","4,44","4,47","3,79","-","-12,05%"
"20.03.2018","4,40","4,34","4,42","4,31","-","0,46%"
"19.03.2018","4,38","4,25","4,49","4,24","-","6,83%"
"16.03.2018","4,10","4,09","4,20","4,01","-","-0,73%"
"15.03.2018","4,13","4,17","4,23","4,10","-","-1,67%"
"14.03.2018","4,20","4,05","4,25","3,92","-","3,96%"
"13.03.2018","4,04","4,28","4,31","3,92","-","-3,81%"
"12.03.2018","4,20","4,53","4,56","4,16","-","-2,33%"
"09.03.2018","4,30","4,45","4,48","4,26","-","-4,66%"
"08.03.2018","4,51","4,75","4,75","4,50","-","-5,65%"
"07.03.2018","4,78","4,85","4,90","4,76","-","1,27%"
"06.03.2018","4,72","4,86","4,87","4,70","-","-3,48%"
"05.03.2018","4,89","4,89","4,99","4,82","-","-0,61%"
"02.03.2018","4,92","4,95","5,18","4,88","-","2,07%"
"01.03.2018","4,82","4,86","5,01","4,68","-","-0,21%"
"28.02.2018","4,83","4,77","4,90","4,74","-","-0,62%"
"27.02.2018","4,86","4,76","4,90","4,70","-","0,41%"
"26.02.2018","4,84","4,92","5,02","4,82","-","-0,82%"
"23.02.2018","4,88","4,83","4,96","4,74","-","2,09%"
"22.02.2018","4,78","4,68","4,86","4,65","-","-1,04%"
"21.02.2018","4,83","4,61","4,87","4,53","-","1,26%"
"20.02.2018","4,77","4,78","4,87","4,65","-","4,61%"
"16.02.2018","4,56","4,74","4,79","4,54","-","-5,00%"
"15.02.2018","4,80","5,30","5,30","4,80","-","-9,94%"
"14.02.2018","5,33","5,40","5,42","4,81","-","-1,84%"
"13.02.2018","5,43","5,30","5,43","5,15","-","1,50%"
"12.02.2018","5,35","5,81","5,81","5,35","-","-7,44%"
"09.02.2018","5,78","5,67","6,16","5,45","-","-4,78%"
"08.02.2018","6,07","5,23","6,26","5,12","-","17,86%"
"07.02.2018","5,15","5,02","5,15","4,87","-","0,39%"
"06.02.2018","5,13","5,43","5,45","4,94","-","0,98%"
"05.02.2018","5,08","4,62","5,08","3,71","-","13,39%"
"02.02.2018","4,48","4,41","4,57","4,15","-","-0,22%"
"01.02.2018","4,49","4,37","4,59","4,27","-","2,75%"
"31.01.2018","4,37","4,41","4,50","4,27","-","-3,10%"
"30.01.2018","4,51","4,44","4,52","4,26","-","2,73%"
"29.01.2018","4,39","4,84","4,99","4,34","-","-0,23%"
"26.01.2018","4,40","4,08","4,42","3,97","-","10,28%"
"25.01.2018","3,99","4,03","4,26","3,44","-","-4,55%"
"24.01.2018","4,18","4,18","4,39","3,82","-","3,72%"
"23.01.2018","4,03","4,02","4,12","3,91","-","-2,66%"
"22.01.2018","4,14","4,24","4,25","4,02","-","-3,04%"
"19.01.2018","4,27","4,13","4,27","3,87","-","7,56%"
"18.01.2018","3,97","3,73","4,00","3,72","-","7,59%"
"17.01.2018","3,69","3,62","3,73","3,53","-","0,82%"
"16.01.2018","3,66","3,70","3,72","3,60","-","0,83%"
"12.01.2018","3,63","3,57","3,65","3,21","-","-1,36%"
"11.01.2018","3,68","3,78","3,80","3,53","-","0,00%"
"10.01.2018","3,68","4,11","4,11","3,65","-","-2,65%"
"09.01.2018","3,78","3,52","3,78","3,50","-","7,39%"
"08.01.2018","3,52","3,53","3,53","3,46","-","2,33%"
"05.01.2018","3,44","3,57","3,62","3,42","-","-4,44%"
"04.01.2018","3,60","3,60","3,75","3,55","-","1,41%"
"03.01.2018","3,55","3,80","3,81","3,38","-","-4,83%"
"02.01.2018","3,73","3,72","3,79","3,67","-","5,97%"
"29.12.2017","3,52","3,50","3,57","3,43","-","0,86%"
"28.12.2017","3,49","3,43","3,50","3,25","-","2,05%"
"27.12.2017","3,42","3,50","3,52","3,12","-","-3,66%"
"26.12.2017","3,55","3,71","3,75","3,52","-","-1,66%"
"22.12.2017","3,61","3,73","3,75","3,55","-","2,56%"
"20.12.2017","3,52","3,51","3,56","3,39","-","2,62%"
"19.12.2017","3,43","3,24","3,48","3,22","-","3,31%"
"18.12.2017","3,32","3,34","3,40","3,20","-","3,43%"
"15.12.2017","3,21","3,31","3,35","3,14","-","-8,29%"
"14.12.2017","3,50","3,44","3,55","3,19","-","1,74%"
"13.12.2017","3,44","3,73","4,47","3,37","-","-7,53%"
"12.12.2017","3,72","3,68","3,79","3,62","-","1,92%"
"11.12.2017","3,65","3,76","3,77","3,62","-","1,67%"
"08.12.2017","3,59","3,79","3,79","3,57","-","-5,03%"
"07.12.2017","3,78","3,76","3,87","3,62","-","-0,26%"
"06.12.2017","3,79","3,92","3,95","3,78","-","-3,56%"
"05.12.2017","3,93","3,94","3,96","3,88","-","-3,20%"
"04.12.2017","4,06","3,93","4,06","3,88","-","0,74%"
"01.12.2017","4,03","3,91","4,41","3,62","-","4,40%"
"30.11.2017","3,86","3,69","3,86","3,07","-","6,63%"
"29.11.2017","3,62","3,60","3,70","3,48","-","0,56%"
"28.11.2017","3,60","3,56","5,35","3,50","-","0,00%"
"27.11.2017","3,60","3,61","3,64","3,54","-","5,88%"
"24.11.2017","3,40","3,72","3,72","3,40","-","-5,29%"
"22.11.2017","3,59","3,72","4,45","3,22","-","-5,28%"
"21.11.2017","3,79","3,86","3,86","3,73","-","-1,04%"
"20.11.2017","3,83","3,88","3,89","3,37","-","0,52%"
"17.11.2017","3,81","3,95","3,97","3,79","-","-1,80%"
"16.11.2017","3,88","3,93","3,95","3,82","-","-1,27%"
"15.11.2017","3,93","3,93","4,23","3,79","-","1,81%"
"14.11.2017","3,86","3,95","3,96","3,85","-","-1,03%"
"13.11.2017","3,90","3,91","3,91","3,83","-","1,56%"
"10.11.2017","3,84","3,74","3,88","3,69","-","4,07%"
"09.11.2017","3,69","3,76","3,79","3,67","-","0,82%"
"08.11.2017","3,66","3,71","3,72","3,53","-","-0,27%"
"07.11.2017","3,67","3,75","3,76","3,66","-","-1,08%"
"06.11.2017","3,71","3,73","3,73","3,68","-","4,51%"
"03.11.2017","3,55","3,73","3,85","3,45","-","-4,83%"
"02.11.2017","3,73","3,87","3,90","3,72","-","-5,57%"
"01.11.2017","3,95","4,11","4,58","3,71","-","-3,42%"
"31.10.2017","4,09","4,11","4,12","4,01","-","-0,73%"
"30.10.2017","4,12","4,15","4,17","4,02","-","2,23%"
"27.10.2017","4,03","4,42","4,64","3,54","-","-9,84%"
"26.10.2017","4,47","4,49","4,57","4,18","-","-1,32%"
"25.10.2017","4,53","4,59","4,72","4,19","-","0,22%"
"24.10.2017","4,52","4,54","4,57","4,36","-","2,49%"
"23.10.2017","4,41","4,44","4,44","4,33","-","0,46%"
"20.10.2017","4,39","4,23","4,77","4,20","-","6,30%"
"19.10.2017","4,13","4,25","4,30","3,85","-","-1,20%"
"18.10.2017","4,18","4,05","4,20","4,03","-","3,47%"
"17.10.2017","4,04","3,88","4,04","3,88","-","2,80%"
"16.10.2017","3,93","3,98","4,02","3,88","-","0,00%"
"13.10.2017","3,93","4,19","4,20","3,75","-","-6,65%"
"12.10.2017","4,21","4,17","4,22","4,11","-","0,24%"
"11.10.2017","4,20","4,35","5,84","4,19","-","-3,23%"
"10.10.2017","4,34","4,39","4,47","4,33","-","-0,91%"
"09.10.2017","4,38","4,38","4,39","4,35","-","0,69%"
"06.10.2017","4,35","4,33","4,42","3,17","-","1,16%"
"05.10.2017","4,30","4,19","4,40","4,18","-","1,65%"
"04.10.2017","4,23","4,22","4,29","3,66","-","0,48%"
"03.10.2017","4,21","4,24","4,28","4,20","-","-2,77%"
"02.10.2017","4,33","4,32","4,35","4,27","-","2,12%"
"29.09.2017","4,24","3,99","5,71","3,93","-","3,92%"
"28.09.2017","4,08","4,14","4,17","3,97","-","-1,69%"
"27.09.2017","4,15","4,11","4,23","3,81","-","1,22%"
"26.09.2017","4,10","4,19","4,21","4,04","-","-5,09%"
"25.09.2017","4,32","4,03","4,38","3,97","-","5,11%"
"22.09.2017","4,11","4,04","4,20","3,98","-","4,85%"
"21.09.2017","3,92","3,92","3,96","3,84","-","-3,92%"
"20.09.2017","4,08","4,14","4,73","3,42","-","0,74%"
"19.09.2017","4,05","4,07","4,12","3,97","-","1,00%"
"18.09.2017","4,01","3,90","4,10","3,86","-","6,08%"
"15.09.2017","3,78","3,94","3,96","3,77","-","-8,25%"
"14.09.2017","4,12","4,22","4,26","3,87","-","-1,20%"
"13.09.2017","4,17","4,20","4,21","3,70","-","-0,48%"
"12.09.2017","4,19","4,19","6,88","4,16","-","-1,87%"
"11.09.2017","4,27","4,31","4,33","4,18","-","-7,58%"
"08.09.2017","4,62","4,58","4,72","4,52","-","0,43%"
"07.09.2017","4,60","4,46","4,69","4,22","-","1,77%"
"06.09.2017","4,52","4,60","4,62","4,40","-","-0,44%"
"05.09.2017","4,54","4,42","4,65","4,37","-","15,52%"
"01.09.2017","3,93","4,10","4,11","3,22","-","-5,07%"
"31.08.2017","4,14","4,08","4,18","3,40","-","-1,19%"
"30.08.2017","4,19","4,07","4,20","3,44","-","0,00%"
"29.08.2017","4,19","4,44","6,66","4,15","-","6,89%"
"28.08.2017","3,92","4,02","4,02","3,88","-","-2,24%"
"25.08.2017","4,01","4,25","4,25","3,40","-","-5,65%"
"24.08.2017","4,25","4,31","4,33","4,18","-","-0,93%"
"23.08.2017","4,29","4,21","4,32","4,16","-","3,37%"
"22.08.2017","4,15","4,35","4,36","4,13","-","-5,47%"
"21.08.2017","4,39","4,34","4,44","4,32","-","4,77%"
"18.08.2017","4,19","4,17","4,40","4,15","-","-0,71%"
"17.08.2017","4,22","4,11","4,25","4,04","-","4,71%"
"16.08.2017","4,03","4,11","6,43","3,81","-","-1,23%"
"15.08.2017","4,08","4,13","4,20","3,91","-","-2,63%"
"14.08.2017","4,19","4,35","4,35","4,12","-","-5,42%"
"11.08.2017","4,43","4,69","4,70","3,50","-","-2,85%"
"10.08.2017","4,56","4,42","6,24","3,86","-","7,04%"
"09.08.2017","4,26","4,29","8,89","4,23","-","6,50%"
"08.08.2017","4,00","3,87","4,04","3,83","-","4,44%"
"07.08.2017","3,83","3,96","3,97","3,79","-","2,41%"
"04.08.2017","3,74","3,78","3,85","3,09","-","-3,11%"
"03.08.2017","3,86","3,90","3,92","3,75","-","-0,52%"
"02.08.2017","3,88","4,05","4,06","3,85","-","-4,20%"
"01.08.2017","4,05","3,97","4,10","3,89","-","1,25%"
"31.07.2017","4,00","4,00","4,09","3,93","-","3,90%"
"28.07.2017","3,85","4,02","4,04","3,49","-","-1,03%"
"27.07.2017","3,89","3,82","3,96","3,61","-","2,10%"
"26.07.2017","3,81","4,16","4,21","3,60","-","-9,29%"
"25.07.2017","4,20","3,99","4,20","3,97","-","8,25%"
"24.07.2017","3,88","3,81","3,92","3,76","-","6,59%"
"21.07.2017","3,64","3,67","3,70","3,59","-","-2,15%"
"20.07.2017","3,72","3,78","3,82","3,60","-","-3,88%"
"19.07.2017","3,87","3,87","3,97","3,82","-","-1,53%"
"18.07.2017","3,93","3,79","3,96","3,77","-","1,03%"
"17.07.2017","3,89","3,99","4,04","3,80","-","3,73%"
"14.07.2017","3,75","4,09","4,13","2,09","-","-12,38%"
"13.07.2017","4,28","4,39","4,46","4,24","-","-0,47%"
"12.07.2017","4,30","4,37","4,42","4,25","-","-2,93%"
"11.07.2017","4,43","4,36","4,53","4,32","-","1,14%"
"10.07.2017","4,38","4,51","4,51","4,35","-","-1,57%"
"07.07.2017","4,45","4,66","4,67","4,05","-","-4,91%"
"06.07.2017","4,68","4,93","4,94","4,64","-","0,86%"
"05.07.2017","4,64","4,87","8,02","4,63","-","-3,73%"
"03.07.2017","4,82","4,81","5,04","4,71","-","-1,03%"
"30.06.2017","4,87","4,49","4,89","4,34","-","5,18%"
"29.06.2017","4,63","4,59","4,81","4,56","-","7,67%"
"28.06.2017","4,30","4,45","4,46","4,26","-","0,23%"
"27.06.2017","4,29","4,13","4,40","4,12","-","7,79%"
"26.06.2017","3,98","4,12","4,22","3,98","-","-1,73%"
"23.06.2017","4,05","4,13","4,14","3,99","-","-1,46%"
"22.06.2017","4,11","4,19","4,27","4,08","-","-3,07%"
"21.06.2017","4,24","4,15","4,35","4,14","-","1,92%"
"20.06.2017","4,16","4,24","4,33","4,15","-","-0,95%"
"19.06.2017","4,20","4,14","4,23","4,07","-","5,53%"
"16.06.2017","3,98","4,01","4,12","3,97","-","-4,56%"
"15.06.2017","4,17","4,25","4,27","4,14","-","-1,88%"
"14.06.2017","4,25","4,31","4,47","4,01","-","0,71%"
"13.06.2017","4,22","4,25","4,27","4,19","-","-0,71%"
"12.06.2017","4,25","4,37","4,41","4,23","-","0,95%"
"09.06.2017","4,21","4,21","4,24","4,14","-","-3,88%"
"08.06.2017","4,38","4,49","4,49","4,32","-","-2,67%"
"07.06.2017","4,50","4,50","4,51","4,40","-","-0,66%"
"06.06.2017","4,53","4,54","4,58","4,45","-","3,66%"
"05.06.2017","4,37","4,43","4,45","4,36","-","0,23%"
"02.06.2017","4,36","4,55","4,56","3,79","-","-3,33%"
"01.06.2017","4,51","4,60","4,60","4,46","-","-1,31%"
"31.05.2017","4,57","4,56","4,70","4,54","-","0,00%"
"30.05.2017","4,57","4,61","4,65","4,52","-","6,78%"
"26.05.2017","4,28","4,44","4,51","4,24","-","-2,06%"
"25.05.2017","4,37","4,46","4,47","4,34","-","-1,80%"
"24.05.2017","4,45","4,55","9,21","4,41","-","-1,77%"
"23.05.2017","4,53","4,56","4,73","4,51","-","0,00%"
"22.05.2017","4,53","4,56","4,62","4,49","-","-1,52%"
"19.05.2017","4,60","4,60","4,65","4,39","-","-1,50%"
"18.05.2017","4,67","4,97","5,07","4,60","-","-6,60%"
"17.05.2017","5,00","4,43","5,06","4,41","-","14,68%"
"16.05.2017","4,36","4,45","4,47","4,33","-","-1,13%"
"15.05.2017","4,41","4,57","4,60","4,39","-","-1,56%"
"12.05.2017","4,48","4,52","4,55","4,39","-","-0,88%"
"11.05.2017","4,52","4,37","4,87","4,37","-","3,20%"
"10.05.2017","4,38","4,46","5,67","4,35","-","-3,95%"
"09.05.2017","4,56","4,55","4,56","4,44","-","0,88%"
"08.05.2017","4,52","4,47","4,56","4,44","-","-6,80%"
"05.05.2017","4,85","4,86","4,88","4,30","-","0,41%"
"04.05.2017","4,83","4,78","4,98","4,77","-","2,99%"
"03.05.2017","4,69","4,72","5,06","4,64","-","-0,85%"
"02.05.2017","4,73","4,84","4,84","4,68","-","-0,42%"
"01.05.2017","4,75","4,75","4,81","4,67","-","2,15%"
"28.04.2017","4,65","4,61","4,66","4,53","-","1,31%"
"27.04.2017","4,59","4,73","4,75","4,58","-","-4,18%"
"26.04.2017","4,79","4,72","6,37","4,70","-","-1,64%"
"25.04.2017","4,87","4,88","4,95","4,66","-","-4,13%"
"24.04.2017","5,08","4,81","5,12","4,76","-","-19,11%"
"21.04.2017","6,28","5,94","9,40","5,92","-","9,03%"
"20.04.2017","5,76","5,56","5,80","5,48","-","0,35%"
"19.04.2017","5,74","5,71","5,81","5,52","-","-1,20%"
"18.04.2017","5,81","5,78","6,14","5,75","-","2,47%"
"17.04.2017","5,67","5,89","5,91","5,58","-","1,43%"
"13.04.2017","5,59","5,94","7,30","5,52","-","-5,09%"
"12.04.2017","5,89","5,59","9,46","5,56","-","3,88%"
"11.04.2017","5,67","5,28","7,75","5,25","-","6,98%"
"10.04.2017","5,30","5,25","5,39","5,17","-","4,33%"
"07.04.2017","5,08","5,28","5,31","4,13","-","-0,78%"
"06.04.2017","5,12","5,19","5,21","5,05","-","-2,48%"
"05.04.2017","5,25","5,11","5,96","5,03","-","2,14%"
"04.04.2017","5,14","5,25","5,27","5,02","-","3,84%"
"03.04.2017","4,95","4,84","4,97","4,78","-","5,77%"
"31.03.2017","4,68","4,73","4,74","4,59","-","-1,06%"
"30.03.2017","4,73","4,73","8,41","4,63","-","0,85%"
"29.03.2017","4,69","4,69","4,72","4,60","-","-1,26%"
"28.03.2017","4,75","4,84","4,87","4,65","-","-2,46%"
"27.03.2017","4,87","5,08","5,14","4,86","-","2,53%"
"24.03.2017","4,75","5,06","5,08","4,75","-","-5,19%"
"23.03.2017","5,01","4,84","5,01","4,79","-","3,73%"
"22.03.2017","4,83","4,80","4,93","4,67","-","2,99%"
"21.03.2017","4,69","4,43","4,69","4,30","-","5,87%"
"20.03.2017","4,43","4,62","4,64","4,41","-","2,07%"
"17.03.2017","4,34","4,45","4,47","4,31","-","-4,82%"
"16.03.2017","4,56","4,53","4,59","4,47","-","0,44%"
"15.03.2017","4,54","5,07","9,49","4,46","-","-10,10%"
"14.03.2017","5,05","5,10","5,10","5,00","-","0,40%"
"13.03.2017","5,03","4,94","5,09","4,87","-","5,01%"
"10.03.2017","4,79","4,98","5,86","3,61","-","-5,52%"
"09.03.2017","5,07","5,02","5,10","4,92","-","1,81%"
"08.03.2017","4,98","5,03","6,54","4,87","-","3,32%"
"07.03.2017","4,82","4,95","4,95","4,76","-","-1,83%"
"06.03.2017","4,91","4,96","5,01","4,91","-","2,51%"
"03.03.2017","4,79","5,11","9,06","4,76","-","-4,96%"
"02.03.2017","5,04","5,30","6,08","5,03","-","-4,73%"
"01.03.2017","5,29","5,43","5,81","5,24","-","-6,87%"
"28.02.2017","5,68","5,45","8,34","5,37","-","4,03%"
"27.02.2017","5,46","5,33","5,47","5,13","-","1,68%"
"24.02.2017","5,37","5,34","5,39","5,19","-","1,51%"
"23.02.2017","5,29","5,36","8,15","5,18","-","-2,22%"
"22.02.2017","5,41","5,52","8,10","5,30","-","0,74%"
"21.02.2017","5,37","5,45","5,47","5,26","-","3,67%"
"17.02.2017","5,18","5,22","5,31","5,15","-","4,23%"
"16.02.2017","4,97","4,93","5,42","4,84","-","2,05%"
"15.02.2017","4,87","5,10","5,22","4,86","-","-4,32%"
"14.02.2017","5,09","5,38","5,42","5,07","-","-4,50%"
"13.02.2017","5,33","5,47","5,53","5,30","-","0,57%"
"10.02.2017","5,30","5,42","5,42","5,25","-","-1,67%"
"09.02.2017","5,39","5,45","7,63","5,36","-","-2,71%"
"08.02.2017","5,54","5,45","11,73","5,44","-","2,78%"
"07.02.2017","5,39","5,30","5,51","5,28","-","-0,55%"
"06.02.2017","5,42","5,21","5,43","5,20","-","6,90%"
"03.02.2017","5,07","5,40","5,41","4,98","-","-6,11%"
"02.02.2017","5,40","5,52","5,54","5,37","-","-2,88%"
"01.02.2017","5,56","5,80","8,22","5,48","-","-3,97%"
"31.01.2017","5,79","5,76","5,86","5,69","-","1,58%"
"30.01.2017","5,70","5,76","5,90","5,67","-","4,20%"
"27.01.2017","5,47","5,70","5,71","5,31","-","-3,19%"
"26.01.2017","5,65","5,95","6,19","5,60","-","-4,40%"
"25.01.2017","5,91","5,88","6,02","5,87","-","1,37%"
"24.01.2017","5,83","5,77","5,91","5,77","-","1,04%"
"23.01.2017","5,77","5,77","5,88","5,71","-","3,78%"
"20.01.2017","5,56","6,05","6,06","5,52","-","-7,33%"
"19.01.2017","6,00","6,11","10,98","5,96","-","2,21%"
"18.01.2017","5,87","5,82","5,88","5,71","-","0,17%"
"17.01.2017","5,86","5,83","5,92","5,78","-","7,72%"
"13.01.2017","5,44","5,50","5,50","5,44","-","-1,27%"
"12.01.2017","5,51","5,54","5,60","5,23","-","1,29%"
"11.01.2017","5,44","5,73","5,78","5,43","-","-2,68%"
"10.01.2017","5,59","5,67","5,75","5,57","-","-3,29%"
"09.01.2017","5,78","5,80","6,00","5,76","-","2,48%"
"06.01.2017","5,64","6,02","6,07","5,60","-","-7,84%"
"05.01.2017","6,12","5,79","6,15","5,69","-","5,52%"
"04.01.2017","5,80","5,82","5,98","5,80","-","-0,34%"
"03.01.2017","5,82","5,80","6,01","5,77","-","7,78%"
"30.12.2016","5,40","5,47","5,49","5,36","-","-1,64%"
"29.12.2016","5,49","5,29","6,28","5,24","-","2,62%"
"28.12.2016","5,35","5,46","5,48","5,28","-","-1,47%"
"27.12.2016","5,43","5,49","5,62","5,41","-","3,04%"
"23.12.2016","5,27","5,24","5,38","5,21","-","-0,57%"
"22.12.2016","5,30","5,42","11,89","5,23","-","-0,75%"
"21.12.2016","5,34","5,35","5,43","5,21","-","-0,56%"
"20.12.2016","5,37","5,32","5,51","5,27","-","4,47%"
"19.12.2016","5,14","5,27","5,32","5,04","-","-2,28%"
"16.12.2016","5,26","5,17","7,72","4,99","-","-14,61%"
"15.12.2016","6,16","6,27","6,32","5,79","-","-1,60%"
"14.12.2016","6,26","6,09","8,33","5,87","-","2,96%"
"13.12.2016","6,08","6,02","6,34","5,90","-","-2,88%"
"12.12.2016","6,26","6,61","6,71","6,20","-","5,39%"
"09.12.2016","5,94","5,76","6,12","5,62","-","4,21%"
"08.12.2016","5,70","6,18","6,23","5,66","-","-3,88%"
"07.12.2016","5,93","6,02","6,07","5,81","-","-3,42%"
"06.12.2016","6,14","6,35","6,36","6,12","-","-5,83%"
"05.12.2016","6,52","6,80","6,93","6,50","-","-4,68%"
"02.12.2016","6,84","6,75","6,95","5,85","-","-2,43%"
"01.12.2016","7,01","7,28","8,19","7,00","-","0,86%"
"30.11.2016","6,95","6,65","7,34","6,55","-","11,02%"
"29.11.2016","6,26","6,42","6,60","6,23","-","-2,34%"
"28.11.2016","6,41","6,44","6,48","6,31","-","-4,61%"
"25.11.2016","6,72","6,89","6,89","6,59","-","4,84%"
"23.11.2016","6,41","6,28","7,15","5,54","-","3,39%"
"22.11.2016","6,20","6,92","6,92","6,09","-","-8,01%"
"21.11.2016","6,74","6,76","7,02","6,67","-","-1,32%"
"18.11.2016","6,83","6,19","6,98","6,13","-","10,70%"
"17.11.2016","6,17","5,99","6,26","5,62","-","0,00%"
"16.11.2016","6,17","6,84","6,87","5,96","-","-4,04%"
"15.11.2016","6,43","6,98","7,18","5,97","-","-9,05%"
"14.11.2016","7,07","7,10","7,15","6,59","-","12,94%"
"11.11.2016","6,26","5,78","6,31","5,64","-","5,74%"
"10.11.2016","5,92","5,88","6,02","5,12","-","3,14%"
"09.11.2016","5,74","5,39","6,25","5,07","-","11,67%"
"08.11.2016","5,14","5,52","5,55","5,11","-","-5,51%"
"07.11.2016","5,44","5,39","5,45","5,33","-","2,45%"
"04.11.2016","5,31","5,18","5,44","4,70","-","2,91%"
"03.11.2016","5,16","5,06","6,31","5,05","-","2,58%"
"02.11.2016","5,03","5,05","5,93","4,98","-","1,00%"
"01.11.2016","4,98","5,10","5,12","4,94","-","1,63%"
"31.10.2016","4,90","4,70","5,29","4,69","-","6,99%"
"28.10.2016","4,58","4,67","4,75","4,43","-","0,88%"
"27.10.2016","4,54","4,66","4,81","4,49","-","4,13%"
"26.10.2016","4,36","4,32","4,41","4,25","-","5,31%"
"25.10.2016","4,14","4,15","5,01","3,75","-","0,24%"
"24.10.2016","4,13","4,15","4,27","4,11","-","4,82%"
"21.10.2016","3,94","4,19","4,24","3,88","-","-5,52%"
"20.10.2016","4,17","4,41","4,42","4,16","-","-6,08%"
"19.10.2016","4,44","4,41","4,62","4,29","-","1,37%"
"18.10.2016","4,38","4,61","4,86","3,34","-","-4,99%"
"17.10.2016","4,61","4,63","4,74","4,47","-","1,99%"
"14.10.2016","4,52","4,43","4,92","4,28","-","-2,16%"
"13.10.2016","4,62","4,70","4,77","4,62","-","-1,91%"
"12.10.2016","4,71","4,80","5,37","4,70","-","-0,42%"
"11.10.2016","4,73","4,80","4,81","4,68","-","-0,84%"
"10.10.2016","4,77","4,81","4,84","4,77","-","3,92%"
"07.10.2016","4,59","4,86","5,05","4,55","-","-3,16%"
"06.10.2016","4,74","4,62","4,77","4,59","-","3,04%"
"05.10.2016","4,60","4,71","4,72","4,53","-","-1,29%"
"04.10.2016","4,66","4,58","4,72","4,54","-","0,87%"
"03.10.2016","4,62","4,74","4,76","4,62","-","-2,33%"
"30.09.2016","4,73","4,81","4,86","4,46","-","1,28%"
"29.09.2016","4,67","4,45","4,77","4,34","-","6,62%"
"28.09.2016","4,38","4,45","4,46","4,35","-","-1,79%"
"27.09.2016","4,46","4,65","4,66","4,45","-","-3,04%"
"26.09.2016","4,60","4,62","4,62","4,36","-","4,31%"
"23.09.2016","4,41","4,45","4,47","4,31","-","0,23%"
"22.09.2016","4,40","4,56","4,58","4,32","-","-4,76%"
"21.09.2016","4,62","4,98","5,02","4,60","-","-9,77%"
"20.09.2016","5,12","5,18","5,27","5,11","-","-0,39%"
"19.09.2016","5,14","5,18","5,30","5,11","-","6,42%"
"16.09.2016","4,83","4,88","5,01","4,82","-","-4,55%"
"15.09.2016","5,06","5,13","5,24","4,99","-","-3,62%"
"14.09.2016","5,25","5,19","5,26","5,13","-","0,19%"
"13.09.2016","5,24","5,00","6,52","4,94","-","3,15%"
"12.09.2016","5,08","5,53","7,06","5,08","-","-1,93%"
"09.09.2016","5,18","4,95","5,19","4,94","-","7,69%"
"08.09.2016","4,81","4,68","4,84","4,58","-","2,34%"
"07.09.2016","4,70","4,65","4,73","4,60","-","1,08%"
"06.09.2016","4,65","4,95","4,98","4,49","-","-2,11%"
"02.09.2016","4,75","5,27","5,27","4,68","-","-7,95%"
"01.09.2016","5,16","5,21","5,43","5,13","-","0,00%"
"31.08.2016","5,16","5,18","5,23","5,01","-","0,78%"
"30.08.2016","5,12","5,12","5,60","5,05","-","-0,39%"
"29.08.2016","5,14","5,30","5,33","5,06","-","-5,17%"
"26.08.2016","5,42","5,36","5,68","4,90","-","0,56%"
"25.08.2016","5,39","5,16","5,41","5,07","-","5,89%"
"24.08.2016","5,09","5,01","7,16","4,97","-","2,83%"
"23.08.2016","4,95","5,14","5,15","4,92","-","-2,94%"
"22.08.2016","5,10","5,24","5,25","5,03","-","1,39%"
"19.08.2016","5,03","5,03","5,16","5,00","-","0,80%"
"18.08.2016","4,99","4,94","5,04","4,92","-","0,20%"
"17.08.2016","4,98","5,16","6,63","4,92","-","-2,16%"
"16.08.2016","5,09","5,06","5,26","4,98","-","0,20%"
"15.08.2016","5,08","4,96","5,09","4,95","-","5,61%"
"12.08.2016","4,81","4,92","5,02","4,72","-","-3,22%"
"11.08.2016","4,97","4,80","5,95","4,76","-","3,54%"
"10.08.2016","4,80","4,86","5,78","4,53","-","-2,44%"
"09.08.2016","4,92","5,02","5,03","4,87","-","-2,38%"
"08.08.2016","5,04","5,09","5,15","4,99","-","0,40%"
"05.08.2016","5,02","4,96","5,04","3,59","-","-0,99%"
"04.08.2016","5,07","5,16","5,18","5,03","-","-3,06%"
"03.08.2016","5,23","5,26","7,08","5,18","-","-1,13%"
"02.08.2016","5,29","5,26","5,30","5,14","-","5,38%"
"01.08.2016","5,02","5,01","5,06","4,97","-","3,72%"
"29.07.2016","4,84","5,12","8,32","4,07","-","-7,63%"
"28.07.2016","5,24","5,12","5,25","5,10","-","1,95%"
"27.07.2016","5,14","5,34","5,37","5,12","-","-3,56%"
"26.07.2016","5,33","5,40","5,45","5,29","-","-2,56%"
"25.07.2016","5,47","5,40","5,47","5,28","-","3,01%"
"22.07.2016","5,31","5,39","5,39","5,16","-","-2,21%"
"21.07.2016","5,43","5,64","5,64","4,72","-","0,37%"
"20.07.2016","5,41","5,52","5,60","5,41","-","-1,99%"
"19.07.2016","5,52","5,51","5,91","5,38","-","-1,43%"
"18.07.2016","5,60","5,82","5,85","5,58","-","-3,95%"
"15.07.2016","5,83","5,88","11,07","2,13","-","1,57%"
"14.07.2016","5,74","5,66","5,82","5,36","-","1,95%"
"13.07.2016","5,63","5,65","5,95","5,60","-","0,18%"
"12.07.2016","5,62","5,51","5,70","5,47","-","1,08%"
"11.07.2016","5,56","5,47","5,57","5,42","-","0,91%"
"08.07.2016","5,51","6,05","9,35","5,49","-","-8,01%"
"07.07.2016","5,99","5,95","9,39","5,81","-","0,00%"
"06.07.2016","5,99","6,26","7,09","5,93","-","-1,16%"
"05.07.2016","6,06","5,91","6,20","5,73","-","8,60%"
"01.07.2016","5,58","5,80","6,87","5,57","-","-0,89%"
"30.06.2016","5,63","5,42","5,64","4,82","-","3,11%"
"29.06.2016","5,46","5,71","5,74","5,41","-","-9,60%"
"28.06.2016","6,04","6,11","6,18","5,91","-","-10,52%"
"27.06.2016","6,75","6,88","6,88","6,34","-","2,58%"
"24.06.2016","6,58","6,86","6,86","5,84","-","8,76%"
"23.06.2016","6,05","5,87","6,19","5,44","-","-5,17%"
"22.06.2016","6,38","6,27","7,48","6,13","-","3,74%"
"21.06.2016","6,15","6,24","7,34","6,05","-","-1,76%"
"20.06.2016","6,26","5,82","6,36","5,76","-","-1,11%"
"17.06.2016","6,33","6,32","6,57","6,25","-","-4,67%"
"16.06.2016","6,64","6,38","9,58","6,15","-","7,79%"
"15.06.2016","6,16","6,06","8,22","4,40","-","1,99%"
"14.06.2016","6,04","6,61","6,77","5,99","-","-3,21%"
"13.06.2016","6,24","5,93","6,25","5,93","-","12,23%"
"10.06.2016","5,56","5,40","5,66","5,38","-","7,96%"
"09.06.2016","5,15","5,09","8,59","5,04","-","3,62%"
"08.06.2016","4,97","4,83","5,91","4,82","-","1,64%"
"07.06.2016","4,89","4,88","4,94","4,87","-","-1,21%"
"06.06.2016","4,95","5,24","5,27","4,95","-","-1,39%"
"03.06.2016","5,02","5,13","5,85","4,83","-","-2,71%"
"02.06.2016","5,16","5,25","5,26","5,09","-","-0,58%"
"01.06.2016","5,19","5,44","5,44","5,15","-","0,39%"
"31.05.2016","5,17","5,12","5,26","5,09","-","7,71%"
"27.05.2016","4,80","4,83","4,85","4,65","-","-0,21%"
"26.05.2016","4,81","4,87","5,60","4,77","-","-1,43%"
"25.05.2016","4,88","5,14","5,94","4,85","-","-4,69%"
"24.05.2016","5,12","5,18","5,29","5,06","-","-3,76%"
"23.05.2016","5,32","5,31","5,39","5,25","-","0,95%"
"20.05.2016","5,27","5,44","5,51","5,21","-","-5,05%"
"19.05.2016","5,55","5,58","7,59","5,47","-","-0,18%"
"18.05.2016","5,56","5,39","5,62","5,02","-","3,35%"
"17.05.2016","5,38","5,60","6,90","5,31","-","-3,41%"
"16.05.2016","5,57","5,59","5,70","5,54","-","2,20%"
"13.05.2016","5,45","5,40","6,58","5,08","-","2,44%"
"12.05.2016","5,32","5,47","6,74","5,28","-","-0,19%"
"11.05.2016","5,33","5,30","6,36","5,27","-","0,95%"
"10.05.2016","5,28","5,26","5,31","5,24","-","-0,94%"
"09.05.2016","5,33","5,35","5,38","5,31","-","2,90%"
"06.05.2016","5,18","5,53","7,05","5,17","-","-6,50%"
"05.05.2016","5,54","5,60","5,74","5,46","-","-0,72%"
"04.05.2016","5,58","5,69","6,59","5,55","-","-1,24%"
"03.05.2016","5,65","5,59","5,77","5,58","-","2,54%"
"02.05.2016","5,51","5,60","6,94","5,49","-","1,10%"
"29.04.2016","5,45","5,40","5,47","5,35","-","-0,91%"
"28.04.2016","5,50","5,23","6,92","5,19","-","3,00%"
"27.04.2016","5,34","5,46","5,95","5,30","-","-0,74%"
"26.04.2016","5,38","5,65","6,57","5,36","-","-4,10%"
"25.04.2016","5,61","5,58","5,67","5,49","-","4,47%"
"22.04.2016","5,37","5,60","5,67","5,34","-","-2,89%"
"21.04.2016","5,53","5,52","5,56","5,34","-","4,34%"
"20.04.2016","5,30","5,12","5,36","4,96","-","4,13%"
"19.04.2016","5,09","5,02","5,16","5,00","-","3,04%"
"18.04.2016","4,94","5,03","5,03","4,93","-","3,35%"
"15.04.2016","4,78","4,87","4,90","4,38","-","-5,35%"
"14.04.2016","5,05","4,96","5,17","4,86","-","1,20%"
"13.04.2016","4,99","5,08","5,22","4,94","-","-2,54%"
"12.04.2016","5,12","5,17","5,21","5,10","-","0,00%"
"11.04.2016","5,12","5,20","5,22","5,09","-","-0,78%"
"08.04.2016","5,16","5,16","5,18","5,10","-","-3,01%"
"07.04.2016","5,32","5,19","5,35","5,13","-","5,56%"
"06.04.2016","5,04","5,18","6,34","5,02","-","-4,55%"
"05.04.2016","5,28","5,18","5,30","5,11","-","5,81%"
"04.04.2016","4,99","4,98","5,01","4,90","-","3,31%"
"01.04.2016","4,83","5,16","6,54","4,17","-","-6,40%"
"31.03.2016","5,16","5,32","6,37","4,98","-","-1,15%"
"30.03.2016","5,22","5,36","6,11","4,92","-","-1,88%"
"29.03.2016","5,32","5,56","5,75","5,05","-","-3,27%"
"28.03.2016","5,50","5,59","5,65","5,49","-","2,80%"
"24.03.2016","5,35","5,45","6,71","5,31","-","-1,83%"
"23.03.2016","5,45","5,32","5,48","5,26","-","0,18%"
"22.03.2016","5,44","5,29","5,46","5,15","-","2,45%"
"21.03.2016","5,31","5,14","5,39","5,09","-","7,49%"
"18.03.2016","4,94","5,04","5,05","4,92","-","-2,56%"
"17.03.2016","5,07","4,99","5,11","3,51","-","-7,31%"
"16.03.2016","5,47","5,47","5,47","5,47","-","-0,18%"
"15.03.2016","5,48","5,68","5,68","5,46","-","-3,18%"
"14.03.2016","5,66","5,81","5,81","5,65","-","-0,70%"
"11.03.2016","5,70","5,74","5,91","5,68","-","-1,38%"
"10.03.2016","5,78","5,81","6,90","5,70","-","-2,03%"
"09.03.2016","5,90","5,93","5,95","5,76","-","-1,01%"
"08.03.2016","5,96","5,74","6,05","5,74","-","3,83%"
"07.03.2016","5,74","5,74","5,76","5,61","-","3,61%"
"04.03.2016","5,54","5,58","8,19","4,09","-","-1,60%"
"03.03.2016","5,63","5,82","5,92","5,60","-","-2,76%"
"02.03.2016","5,79","5,92","5,95","5,74","-","-0,17%"
"01.03.2016","5,80","5,73","9,04","5,53","-","0,69%"
"29.02.2016","5,76","5,87","7,70","5,71","-","-0,69%"
"26.02.2016","5,80","5,83","10,29","5,59","-","-3,49%"
"25.02.2016","6,01","5,93","9,90","5,77","-","-0,17%"
"24.02.2016","6,02","6,31","8,74","5,98","-","-0,99%"
"23.02.2016","6,08","6,01","6,13","5,75","-","0,16%"
"22.02.2016","6,07","6,11","6,24","5,97","-","-3,04%"
"19.02.2016","6,26","6,41","6,45","6,15","-","-1,11%"
"18.02.2016","6,33","6,05","8,76","5,87","-","2,59%"
"17.02.2016","6,17","6,23","16,78","5,80","-","-3,14%"
"16.02.2016","6,37","6,45","6,60","6,33","-","-7,68%"
"12.02.2016","6,90","7,51","8,76","6,61","-","-9,80%"
"11.02.2016","7,65","8,32","8,53","7,37","-","13,84%"
"10.02.2016","6,72","6,66","11,09","6,25","-","-2,04%"
"09.02.2016","6,86","7,62","11,43","6,85","-","-3,52%"
"08.02.2016","7,11","6,64","7,20","6,54","-","18,70%"
"05.02.2016","5,99","6,08","8,62","5,03","-","-1,48%"
"04.02.2016","6,08","6,11","6,25","5,97","-","-2,09%"
"03.02.2016","6,21","6,03","6,55","5,97","-","2,99%"
"02.02.2016","6,03","5,56","6,04","5,55","-","7,68%"
"01.02.2016","5,60","5,74","5,75","5,56","-","-1,58%"
"29.01.2016","5,69","5,64","5,71","5,45","-","5,57%"
"28.01.2016","5,39","5,35","7,36","5,24","-","-2,53%"
"27.01.2016","5,53","5,56","5,57","5,12","-","-3,15%"
"26.01.2016","5,71","5,85","5,90","5,69","-","-1,55%"
"25.01.2016","5,80","5,80","5,89","5,70","-","2,84%"
"22.01.2016","5,64","5,55","5,73","5,49","-","-4,08%"
"21.01.2016","5,88","6,37","6,38","5,78","-","-6,52%"
"20.01.2016","6,29","6,67","6,80","6,28","-","-0,94%"
"19.01.2016","6,35","6,11","6,37","6,11","-","2,92%"
"15.01.2016","6,17","5,71","7,35","5,69","-","11,57%"
"14.01.2016","5,53","5,64","6,36","5,46","-","-1,78%"
"13.01.2016","5,63","5,38","6,72","5,36","-","3,68%"
"12.01.2016","5,43","5,18","5,53","5,14","-","2,84%"
"11.01.2016","5,28","5,38","5,40","5,24","-","0,00%"
"08.01.2016","5,28","5,24","8,11","4,88","-","-2,40%"
"07.01.2016","5,41","5,43","6,77","5,29","-","1,50%"
"06.01.2016","5,33","5,36","6,93","4,79","-","2,11%"
"05.01.2016","5,22","5,30","5,31","5,15","-","-1,14%"
"04.01.2016","5,28","5,54","5,54","5,27","-","6,45%"
"31.12.2015","4,96","4,94","4,99","4,87","-","0,20%"
"30.12.2015","4,95","4,97","5,02","4,93","-","-1,20%"
"29.12.2015","5,01","4,89","5,02","4,82","-","4,16%"
"28.12.2015","4,81","4,91","4,94","4,78","-","3,89%"
"24.12.2015","4,63","4,69","4,75","4,61","-","-1,49%"
"23.12.2015","4,70","4,87","4,87","4,69","-","-2,69%"
"22.12.2015","4,83","4,79","4,84","4,24","-","1,05%"
"21.12.2015","4,78","4,79","4,85","4,66","-","0,21%"
"18.12.2015","4,77","4,82","4,86","4,67","-","0,00%"
"17.12.2015","4,77","4,73","4,87","4,66","-","-6,29%"
"16.12.2015","5,09","5,97","6,29","5,05","-","-13,73%"
"15.12.2015","5,90","6,05","6,49","5,89","-","-1,17%"
"14.12.2015","5,97","5,79","6,28","5,73","-","6,80%"
"11.12.2015","5,59","5,23","52,14","5,21","-","8,12%"
"10.12.2015","5,17","5,13","5,19","5,09","-","0,39%"
"09.12.2015","5,15","5,01","5,26","4,78","-","3,21%"
"08.12.2015","4,99","4,97","5,03","4,87","-","0,60%"
"07.12.2015","4,96","4,98","5,02","4,91","-","2,69%"
"04.12.2015","4,83","5,18","5,19","4,77","-","-7,65%"
"03.12.2015","5,23","5,32","7,24","5,09","-","-2,24%"
"02.12.2015","5,35","5,47","7,94","5,30","-","-3,08%"
"01.12.2015","5,52","5,33","6,29","5,29","-","4,55%"
"30.11.2015","5,28","5,40","5,40","5,26","-","2,52%"
"27.11.2015","5,15","5,17","5,18","5,06","-","0,78%"
"25.11.2015","5,11","5,23","9,24","5,03","-","-1,92%"
"24.11.2015","5,21","5,22","5,38","5,20","-","0,00%"
"23.11.2015","5,21","4,86","5,23","4,82","-","7,64%"
"20.11.2015","4,84","4,91","4,95","4,80","-","-3,97%"
"19.11.2015","5,04","4,91","5,04","4,82","-","2,86%"
"18.11.2015","4,90","5,10","5,50","4,87","-","-3,54%"
"17.11.2015","5,08","5,15","5,93","4,99","-","-0,39%"
"16.11.2015","5,10","5,19","5,27","5,06","-","3,45%"
"13.11.2015","4,93","5,10","6,05","4,53","-","-3,52%"
"12.11.2015","5,11","5,13","5,20","5,08","-","-0,39%"
"11.11.2015","5,13","5,15","5,18","5,10","-","-1,16%"
"10.11.2015","5,19","5,17","5,68","5,12","-","0,00%"
"09.11.2015","5,19","5,22","5,31","5,15","-","1,96%"
"06.11.2015","5,09","5,56","6,51","4,83","-","-7,96%"
"05.11.2015","5,53","5,54","5,63","5,08","-","-0,72%"
"04.11.2015","5,57","5,40","5,58","5,35","-","0,54%"
"03.11.2015","5,54","5,52","5,60","5,50","-","0,91%"
"02.11.2015","5,49","5,59","5,62","5,45","-","3,98%"
"30.10.2015","5,28","5,31","5,44","5,17","-","-0,94%"
"29.10.2015","5,33","5,31","9,34","5,22","-","-0,19%"
"28.10.2015","5,34","5,24","5,49","4,98","-","3,29%"
"27.10.2015","5,17","5,17","5,21","5,11","-","1,97%"
"26.10.2015","5,07","5,15","5,15","5,03","-","1,81%"
"23.10.2015","4,98","5,04","5,12","4,97","-","2,05%"
"22.10.2015","4,88","4,98","4,99","4,85","-","-0,61%"
"21.10.2015","4,91","5,05","5,08","4,90","-","-3,54%"
"20.10.2015","5,09","5,10","5,21","5,05","-","1,39%"
"19.10.2015","5,02","5,05","5,08","4,99","-","4,37%"
"16.10.2015","4,81","4,79","4,86","4,77","-","-3,02%"
"15.10.2015","4,96","5,06","9,59","4,69","-","-0,40%"
"14.10.2015","4,98","5,11","5,34","4,87","-","-0,99%"
"13.10.2015","5,03","5,11","5,11","4,98","-","-1,37%"
"12.10.2015","5,10","5,15","5,18","5,08","-","2,41%"
"09.10.2015","4,98","5,05","5,07","4,98","-","-0,99%"
"08.10.2015","5,03","5,10","5,39","4,84","-","-0,79%"
"07.10.2015","5,07","5,21","5,23","5,05","-","-1,93%"
"06.10.2015","5,17","5,16","5,24","4,86","-","0,19%"
"05.10.2015","5,16","5,15","5,23","5,10","-","1,57%"
"02.10.2015","5,08","5,29","5,30","4,35","-","-4,87%"
"01.10.2015","5,34","5,50","5,59","5,32","-","-3,61%"
"30.09.2015","5,54","5,59","5,62","5,35","-","-1,95%"
"29.09.2015","5,65","5,60","5,72","5,57","-","0,36%"
"28.09.2015","5,63","5,44","5,67","5,32","-","9,32%"
"25.09.2015","5,15","5,46","5,48","5,15","-","-5,85%"
"24.09.2015","5,47","5,50","6,25","5,45","-","2,43%"
"23.09.2015","5,34","5,33","5,43","5,18","-","0,38%"
"22.09.2015","5,32","5,24","5,48","5,22","-","2,90%"
"21.09.2015","5,17","5,19","5,21","5,06","-","1,57%"
"18.09.2015","5,09","4,96","5,16","4,87","-","-2,12%"
"17.09.2015","5,20","6,01","6,08","4,47","-","-13,48%"
"16.09.2015","6,01","6,04","6,18","5,93","-","1,18%"
"15.09.2015","5,94","5,74","5,98","5,64","-","4,03%"
"14.09.2015","5,71","5,84","5,85","5,68","-","1,42%"
"11.09.2015","5,63","5,64","5,72","4,96","-","-0,18%"
"10.09.2015","5,64","5,75","6,61","5,63","-","-2,59%"
"09.09.2015","5,79","5,98","6,86","5,77","-","-0,86%"
"08.09.2015","5,84","5,85","5,89","5,81","-","3,18%"
"04.09.2015","5,66","5,70","9,39","5,46","-","-2,25%"
"03.09.2015","5,79","6,05","6,06","5,77","-","-3,66%"
"02.09.2015","6,01","6,15","6,33","5,95","-","-4,15%"
"01.09.2015","6,27","6,28","6,29","6,03","-","4,33%"
"31.08.2015","6,01","6,11","6,12","5,91","-","-0,17%"
"28.08.2015","6,02","6,05","6,27","6,00","-","-2,90%"
"27.08.2015","6,20","6,25","7,32","6,12","-","-3,28%"
"26.08.2015","6,41","6,25","6,52","6,24","-","-0,31%"
"25.08.2015","6,43","6,21","6,50","6,01","-","-0,62%"
"24.08.2015","6,47","6,82","7,38","6,37","-","7,48%"
"21.08.2015","6,02","5,76","6,05","5,67","-","3,97%"
"20.08.2015","5,79","5,65","6,05","5,50","-","3,58%"
"19.08.2015","5,59","5,72","6,88","5,55","-","-1,58%"
"18.08.2015","5,68","5,81","7,01","5,63","-","-1,05%"
"17.08.2015","5,74","5,76","5,84","5,70","-","1,59%"
"14.08.2015","5,65","5,89","6,58","5,60","-","-0,70%"
"13.08.2015","5,69","5,87","6,06","5,67","-","-4,37%"
"12.08.2015","5,95","5,85","6,14","5,84","-","6,25%"
"11.08.2015","5,60","5,41","5,73","5,34","-","4,67%"
"10.08.2015","5,35","5,46","5,47","5,33","-","0,56%"
"07.08.2015","5,32","5,73","5,78","4,86","-","-4,83%"
"06.08.2015","5,59","5,55","5,67","5,38","-","2,95%"
"05.08.2015","5,43","5,69","6,39","5,06","-","-4,57%"
"04.08.2015","5,69","5,76","5,76","5,55","-","0,18%"
"03.08.2015","5,68","5,70","5,74","5,20","-","1,79%"
"31.07.2015","5,58","5,43","5,74","5,38","-","3,91%"
"30.07.2015","5,37","5,30","5,42","4,91","-","2,48%"
"29.07.2015","5,24","5,51","6,40","5,23","-","-4,03%"
"28.07.2015","5,46","5,57","8,42","5,45","-","-1,62%"
"27.07.2015","5,55","5,60","5,67","5,48","-","2,78%"
"24.07.2015","5,40","5,46","5,53","5,36","-","0,56%"
"23.07.2015","5,37","5,32","5,42","5,16","-","0,75%"
"22.07.2015","5,33","5,37","5,46","5,27","-","0,00%"
"21.07.2015","5,33","5,40","5,50","5,30","-","-0,93%"
"20.07.2015","5,38","5,62","5,73","5,35","-","-1,65%"
"17.07.2015","5,47","5,71","5,72","5,39","-","-3,36%"
"16.07.2015","5,66","5,83","6,28","5,64","-","-5,19%"
"15.07.2015","5,97","6,00","8,49","5,74","-","-1,32%"
"14.07.2015","6,05","6,24","6,78","5,98","-","-4,27%"
"13.07.2015","6,32","6,56","6,57","6,31","-","-5,53%"
"10.07.2015","6,69","6,56","6,75","6,40","-","-1,76%"
"09.07.2015","6,81","6,76","6,83","6,58","-","0,74%"
"08.07.2015","6,76","6,75","6,77","6,48","-","1,96%"
"07.07.2015","6,63","6,70","7,05","6,54","-","0,30%"
"06.07.2015","6,61","6,70","6,74","6,58","-","0,46%"
"02.07.2015","6,58","6,51","6,65","5,91","-","0,30%"
"01.07.2015","6,56","6,88","7,01","6,55","-","-4,93%"
"30.06.2015","6,90","7,06","7,32","6,77","-","-5,09%"
"29.06.2015","7,27","6,81","7,37","6,69","-","14,13%"
"26.06.2015","6,37","6,32","6,49","6,20","-","1,43%"
"25.06.2015","6,28","6,27","8,53","6,18","-","1,62%"
"24.06.2015","6,18","6,19","6,22","6,05","-","-0,80%"
"23.06.2015","6,23","6,16","6,27","6,02","-","0,97%"
"22.06.2015","6,17","6,33","6,35","6,13","-","-0,48%"
"19.06.2015","6,20","5,94","6,22","5,92","-","3,51%"
"18.06.2015","5,99","5,99","7,58","5,60","-","2,39%"
"17.06.2015","5,85","6,33","7,49","5,83","-","-5,80%"
"16.06.2015","6,21","6,26","6,30","6,16","-","-0,64%"
"15.06.2015","6,25","6,56","6,57","6,12","-","-2,19%"
"12.06.2015","6,39","6,30","6,40","6,20","-","3,40%"
"11.06.2015","6,18","6,62","7,15","5,72","-","-8,31%"
"10.06.2015","6,74","6,81","7,68","6,59","-","5,97%"
"09.06.2015","6,36","6,25","6,46","6,23","-","1,11%"
"08.06.2015","6,29","6,41","6,44","6,29","-","0,16%"
"05.06.2015","6,28","6,64","6,69","5,13","-","-4,27%"
"04.06.2015","6,56","6,76","6,79","6,24","-","-2,67%"
"03.06.2015","6,74","6,39","6,84","6,30","-","8,36%"
"02.06.2015","6,22","6,28","6,60","6,21","-","1,97%"
"01.06.2015","6,10","6,16","6,17","6,00","-","1,84%"
"29.05.2015","5,99","6,02","6,85","5,83","-","-0,33%"
"28.05.2015","6,01","5,96","8,23","5,91","-","2,21%"
"27.05.2015","5,88","6,17","6,23","5,87","-","-4,39%"
"26.05.2015","6,15","6,30","7,45","6,12","-","2,50%"
"22.05.2015","6,00","6,04","8,20","3,76","-","-2,91%"
"21.05.2015","6,18","6,15","6,21","6,03","-","-0,64%"
"20.05.2015","6,22","6,38","11,33","5,52","-","-2,20%"
"19.05.2015","6,36","6,04","6,60","6,04","-","3,75%"
"18.05.2015","6,13","5,80","6,13","5,75","-","2,17%"
"15.05.2015","6,00","6,06","8,43","6,00","-","0,17%"
"14.05.2015","5,99","6,43","7,18","5,74","-","-6,84%"
"13.05.2015","6,43","6,35","7,30","6,14","-","-1,08%"
"12.05.2015","6,50","7,44","7,51","6,39","-","1,88%"
"11.05.2015","6,38","5,91","6,38","5,86","-","13,52%"
"08.05.2015","5,62","6,24","6,30","4,79","-","-8,77%"
"07.05.2015","6,16","6,55","6,76","6,10","-","-5,67%"
"06.05.2015","6,53","6,58","6,76","6,32","-","2,51%"
"05.05.2015","6,37","6,24","6,55","6,10","-","16,88%"
"30.04.2015","5,45","5,44","5,86","5,39","-","2,44%"
"29.04.2015","5,32","5,48","7,72","4,80","-","3,30%"
"28.04.2015","5,15","5,08","5,91","5,07","-","2,39%"
"27.04.2015","5,03","4,94","5,11","4,92","-","2,86%"
"24.04.2015","4,89","5,13","5,15","4,82","-","-4,49%"
"23.04.2015","5,12","5,20","6,66","5,08","-","-0,97%"
"22.04.2015","5,17","5,06","5,29","5,03","-","2,17%"
"21.04.2015","5,06","5,06","5,11","4,95","-","-2,50%"
"20.04.2015","5,19","5,13","5,20","5,11","-","4,01%"
"17.04.2015","4,99","4,94","5,50","4,75","-","2,89%"
"16.04.2015","4,85","4,93","4,94","4,84","-","0,62%"
"15.04.2015","4,82","4,88","5,57","4,79","-","-2,43%"
"14.04.2015","4,94","5,21","6,46","4,92","-","-3,89%"
"13.04.2015","5,14","5,25","5,25","5,08","-","2,59%"
"10.04.2015","5,01","5,04","5,06","4,95","-","-0,79%"
"09.04.2015","5,05","5,12","6,49","4,98","-","-0,79%"
"08.04.2015","5,09","5,35","9,79","5,08","-","-5,21%"
"07.04.2015","5,37","5,40","5,46","5,33","-","-1,47%"
"06.04.2015","5,45","5,61","5,61","5,40","-","-3,71%"
"02.04.2015","5,66","5,91","5,91","5,54","-","-2,92%"
"01.04.2015","5,83","5,86","7,06","5,59","-","0,87%"
"31.03.2015","5,78","5,81","5,86","5,74","-","0,17%"
"30.03.2015","5,77","5,87","6,00","5,77","-","0,00%"
"27.03.2015","5,77","5,74","5,98","5,69","-","2,49%"
"26.03.2015","5,63","5,72","5,82","5,61","-","1,08%"
"25.03.2015","5,57","5,60","6,59","5,52","-","-0,71%"
"24.03.2015","5,61","5,54","6,83","5,38","-","2,75%"
"23.03.2015","5,46","5,72","5,75","5,46","-","-1,27%"
"20.03.2015","5,53","5,49","5,55","5,45","-","-2,30%"
"19.03.2015","5,66","5,63","6,47","5,52","-","0,00%"
"18.03.2015","5,66","5,88","5,98","5,05","-","-2,92%"
"17.03.2015","5,83","5,96","7,06","5,77","-","0,00%"
"16.03.2015","5,83","5,95","5,98","5,80","-","2,10%"
"13.03.2015","5,71","5,82","6,22","5,69","-","-1,38%"
"12.03.2015","5,79","5,90","6,01","4,14","-","0,17%"
"11.03.2015","5,78","5,79","5,88","5,72","-","-0,34%"
"10.03.2015","5,80","5,78","5,97","5,71","-","2,65%"
"09.03.2015","5,65","5,83","5,90","5,63","-","-0,53%"
"06.03.2015","5,68","5,98","6,11","5,58","-","-4,54%"
"05.03.2015","5,95","6,13","8,13","5,91","-","-2,78%"
"04.03.2015","6,12","6,29","6,29","5,62","-","-2,70%"
"03.03.2015","6,29","6,50","6,50","6,24","-","-2,02%"
"02.03.2015","6,42","6,41","6,56","6,32","-","3,05%"
"27.02.2015","6,23","6,34","6,56","6,13","-","-0,95%"
"26.02.2015","6,29","6,37","6,63","6,23","-","-1,87%"
"25.02.2015","6,41","6,38","6,48","6,34","-","-0,16%"
"24.02.2015","6,42","6,81","8,91","6,40","-","-6,41%"
"23.02.2015","6,86","6,91","7,01","6,83","-","-1,72%"
"20.02.2015","6,98","7,23","7,45","6,92","-","-1,69%"
"19.02.2015","7,10","6,90","7,50","6,81","-","0,85%"
"18.02.2015","7,04","6,89","9,52","6,80","-","3,07%"
"17.02.2015","6,83","6,59","6,85","6,42","-","2,86%"
"13.02.2015","6,64","6,62","6,68","6,35","-","2,31%"
"12.02.2015","6,49","6,76","10,97","6,41","-","-2,11%"
"11.02.2015","6,63","6,97","7,27","6,61","-","-5,15%"
"10.02.2015","6,99","6,98","7,01","6,81","-","0,87%"
"09.02.2015","6,93","6,72","6,94","6,72","-","7,11%"
"06.02.2015","6,47","6,59","6,60","5,58","-","-2,85%"
"05.02.2015","6,66","6,89","6,89","6,61","-","-3,20%"
"04.02.2015","6,88","6,75","7,00","6,58","-","1,33%"
"03.02.2015","6,79","6,62","6,99","6,55","-","4,62%"
"02.02.2015","6,49","6,61","6,64","6,36","-","-0,46%"
"30.01.2015","6,52","6,58","7,36","6,32","-","1,09%"
"29.01.2015","6,45","6,53","7,67","6,31","-","-2,27%"
"28.01.2015","6,60","6,58","6,98","6,10","-","0,61%"
"27.01.2015","6,56","6,76","7,24","6,54","-","-3,95%"
"26.01.2015","6,83","6,92","6,93","6,76","-","-2,98%"
"23.01.2015","7,04","6,72","7,06","6,65","-","6,83%"
"22.01.2015","6,59","6,89","6,92","6,50","-","-4,63%"
"21.01.2015","6,91","7,18","7,22","6,85","-","-4,56%"
"20.01.2015","7,24","7,42","7,52","7,18","-","-0,96%"
"16.01.2015","7,31","7,80","8,55","6,08","-","-4,57%"
"15.01.2015","7,66","7,09","7,94","6,91","-","11,82%"
"14.01.2015","6,85","6,96","7,97","6,51","-","2,85%"
"13.01.2015","6,66","6,79","7,02","6,45","-","-1,19%"
"12.01.2015","6,74","6,39","6,78","6,34","-","8,53%"
"09.01.2015","6,21","6,38","12,39","4,82","-","-2,51%"
"08.01.2015","6,37","6,38","6,42","6,28","-","-3,92%"
"07.01.2015","6,63","6,84","6,92","6,55","-","-3,07%"
"06.01.2015","6,84","6,44","7,23","6,43","-","9,79%"
"05.01.2015","6,23","5,84","6,36","5,77","-","11,05%"
"02.01.2015","5,61","5,53","5,81","5,52","-","4,86%"
"31.12.2014","5,35","5,49","5,59","5,33","-","-1,11%"
"30.12.2014","5,41","5,66","5,75","5,39","-","-3,57%"
"29.12.2014","5,61","5,55","5,61","5,40","-","5,65%"
"26.12.2014","5,31","5,47","5,50","5,23","-","-1,48%"
"24.12.2014","5,39","5,53","5,57","5,37","-","-3,06%"
"23.12.2014","5,56","5,21","6,85","4,86","-","2,21%"
"22.12.2014","5,44","5,55","5,60","5,31","-","0,55%"
"19.12.2014","5,41","5,41","5,49","5,29","-","-3,22%"
"18.12.2014","5,59","5,52","6,06","5,34","-","-4,44%"
"17.12.2014","5,85","6,45","7,83","5,74","-","-13,33%"
"16.12.2014","6,75","7,33","7,33","6,37","-","7,31%"
"15.12.2014","6,29","6,20","6,48","5,97","-","-4,84%"
"12.12.2014","6,61","6,31","7,29","5,85","-","12,41%"
"11.12.2014","5,88","6,03","6,32","5,47","-","7,10%"
"10.12.2014","5,49","5,02","5,50","4,96","-","9,80%"
"09.12.2014","5,00","5,04","5,16","4,91","-","3,73%"
"08.12.2014","4,82","4,87","4,94","4,75","-","0,84%"
"05.12.2014","4,78","4,91","4,94","4,10","-","-4,21%"
"04.12.2014","4,99","5,11","7,06","4,92","-","-2,92%"
"03.12.2014","5,14","5,29","5,30","4,93","-","-3,93%"
"02.12.2014","5,35","5,48","5,63","5,31","-","-2,55%"
"01.12.2014","5,49","5,50","5,69","5,48","-","12,27%"
"28.11.2014","4,89","5,16","5,32","4,88","-","-4,31%"
"26.11.2014","5,11","5,25","5,29","5,10","-","-3,77%"
"25.11.2014","5,31","4,98","6,43","4,93","-","8,59%"
"24.11.2014","4,89","4,87","4,96","4,82","-","-2,40%"
"21.11.2014","5,01","5,03","5,07","4,91","-","-1,76%"
"20.11.2014","5,10","5,11","5,35","5,04","-","-2,49%"
"19.11.2014","5,23","5,26","10,20","4,85","-","-0,38%"
"18.11.2014","5,25","5,47","5,61","5,17","-","-3,67%"
"17.11.2014","5,45","5,62","5,65","5,45","-","0,18%"
"14.11.2014","5,44","5,43","7,98","5,28","-","0,93%"
"13.11.2014","5,39","5,36","5,45","5,09","-","2,47%"
"12.11.2014","5,26","5,26","6,32","5,23","-","1,35%"
"11.11.2014","5,19","5,16","5,22","5,15","-","1,17%"
"10.11.2014","5,13","5,22","5,24","5,08","-","0,98%"
"07.11.2014","5,08","5,24","5,25","4,77","-","-1,55%"
"06.11.2014","5,16","5,42","5,43","5,12","-","-4,62%"
"05.11.2014","5,41","5,51","5,65","5,38","-","0,19%"
"04.11.2014","5,40","5,33","5,53","5,32","-","2,66%"
"03.11.2014","5,26","5,35","5,42","4,77","-","1,94%"
"31.10.2014","5,16","5,21","5,84","5,13","-","0,98%"
"30.10.2014","5,11","5,37","5,38","5,09","-","-4,49%"
"29.10.2014","5,35","5,51","6,67","4,81","-","-2,01%"
"28.10.2014","5,46","5,94","5,97","5,45","-","-8,24%"
"27.10.2014","5,95","6,18","6,21","5,93","-","-3,25%"
"24.10.2014","6,15","6,29","6,39","6,12","-","1,15%"
"23.10.2014","6,08","5,93","6,09","5,86","-","1,33%"
"22.10.2014","6,00","6,15","7,67","5,85","-","-2,91%"
"21.10.2014","6,18","6,02","6,31","5,67","-","4,57%"
"20.10.2014","5,91","6,41","6,45","5,88","-","-7,22%"
"17.10.2014","6,37","6,80","6,80","5,85","-","-6,46%"
"16.10.2014","6,81","8,13","8,52","6,75","-","-11,79%"
"15.10.2014","7,72","6,63","10,19","5,32","-","22,35%"
"14.10.2014","6,31","5,83","6,33","5,67","-","9,93%"
"13.10.2014","5,74","5,54","5,82","5,52","-","10,38%"
"10.10.2014","5,20","5,11","5,27","5,05","-","4,42%"
"09.10.2014","4,98","5,05","5,07","4,79","-","0,20%"
"08.10.2014","4,97","4,97","7,36","4,87","-","-0,40%"
"07.10.2014","4,99","4,66","5,01","4,64","-","6,62%"
"06.10.2014","4,68","4,71","4,71","4,62","-","1,08%"
"03.10.2014","4,63","4,77","4,80","4,18","-","-6,09%"
"02.10.2014","4,93","4,96","4,99","4,83","-","1,65%"
"01.10.2014","4,85","4,84","5,17","4,78","-","0,41%"
"30.09.2014","4,83","4,89","4,90","4,78","-","0,00%"
"29.09.2014","4,83","5,13","5,14","4,81","-","0,00%"
"26.09.2014","4,83","4,72","6,12","4,69","-","4,55%"
"25.09.2014","4,62","4,50","4,74","4,02","-","2,67%"
"24.09.2014","4,50","4,47","4,52","4,38","-","2,04%"
"23.09.2014","4,41","4,40","4,43","4,35","-","-0,45%"
"22.09.2014","4,43","4,55","4,57","4,40","-","0,45%"
"19.09.2014","4,41","4,51","4,55","4,38","-","-9,07%"
"18.09.2014","4,85","4,77","4,88","4,33","-","-0,21%"
"17.09.2014","4,86","5,17","5,17","4,17","-","-7,78%"
"16.09.2014","5,27","5,23","7,29","5,21","-","-0,19%"
"15.09.2014","5,28","5,14","5,29","5,12","-","2,33%"
"12.09.2014","5,16","4,99","5,21","4,98","-","4,45%"
"11.09.2014","4,94","4,90","5,00","4,79","-","-0,20%"
"10.09.2014","4,95","4,94","4,98","4,89","-","3,34%"
"09.09.2014","4,79","4,84","4,87","4,73","-","0,63%"
"08.09.2014","4,76","4,64","4,77","4,51","-","4,16%"
"05.09.2014","4,57","4,90","4,90","3,81","-","-7,68%"
"04.09.2014","4,95","4,97","5,23","4,84","-","-2,94%"
"03.09.2014","5,10","5,16","5,18","4,99","-","-1,35%"
"02.09.2014","5,17","5,07","5,22","5,04","-","4,87%"
"29.08.2014","4,93","4,78","4,96","4,44","-","2,07%"
"28.08.2014","4,83","4,73","4,97","4,72","-","4,77%"
"27.08.2014","4,61","4,43","4,63","4,43","-","2,22%"
"26.08.2014","4,51","4,53","4,55","4,46","-","-0,22%"
"25.08.2014","4,52","4,71","4,72","4,50","-","-3,62%"
"22.08.2014","4,69","4,73","5,48","4,62","-","-0,42%"
"21.08.2014","4,71","4,94","6,04","4,70","-","-3,88%"
"20.08.2014","4,90","4,88","5,03","1,79","-","0,20%"
"19.08.2014","4,89","5,01","5,05","4,85","-","-0,81%"
"18.08.2014","4,93","5,03","5,06","4,90","-","-3,90%"
"15.08.2014","5,13","4,87","5,47","4,72","-","7,10%"
"14.08.2014","4,79","4,85","5,15","4,74","-","-0,83%"
"13.08.2014","4,83","4,87","5,43","4,81","-","-1,83%"
"12.08.2014","4,92","4,95","5,00","4,90","-","-0,40%"
"11.08.2014","4,94","4,97","4,99","4,92","-","-2,76%"
"08.08.2014","5,08","5,13","5,23","4,95","-","2,63%"
"07.08.2014","4,95","4,67","4,97","4,60","-","9,76%"
"06.08.2014","4,51","4,54","4,55","4,45","-","3,20%"
"05.08.2014","4,37","4,42","4,60","4,32","-","-0,23%"
"04.08.2014","4,38","4,45","4,45","4,33","-","2,34%"
"01.08.2014","4,28","4,78","4,80","3,70","-","-9,70%"
"31.07.2014","4,74","4,59","4,74","4,45","-","3,49%"
"30.07.2014","4,58","4,73","4,97","4,41","-","-1,08%"
"29.07.2014","4,63","4,62","4,68","4,54","-","0,22%"
"28.07.2014","4,62","4,62","4,67","4,58","-","1,99%"
"25.07.2014","4,53","4,54","8,24","4,46","-","0,89%"
"24.07.2014","4,49","4,44","4,59","4,41","-","2,05%"
"23.07.2014","4,40","4,50","4,52","4,38","-","-1,35%"
"22.07.2014","4,46","4,58","4,59","4,39","-","1,36%"
"21.07.2014","4,40","4,29","4,49","4,28","-","5,77%"
"18.07.2014","4,16","4,30","4,61","4,14","-","-9,57%"
"17.07.2014","4,60","4,11","4,62","4,10","-","11,65%"
"16.07.2014","4,12","4,26","7,37","4,09","-","-4,19%"
"15.07.2014","4,30","4,42","6,89","4,23","-","-2,49%"
"14.07.2014","4,41","4,36","4,48","4,35","-","4,26%"
"11.07.2014","4,23","4,23","4,25","4,15","-","-1,86%"
"10.07.2014","4,31","4,34","4,35","4,14","-","3,61%"
"09.07.2014","4,16","4,24","5,44","4,13","-","-0,72%"
"08.07.2014","4,19","4,08","4,20","4,04","-","2,44%"
"07.07.2014","4,09","4,14","4,14","4,09","-","3,54%"
"03.07.2014","3,95","4,36","4,43","3,79","-","-10,43%"
"02.07.2014","4,41","4,51","4,57","4,40","-","-0,45%"
"01.07.2014","4,43","4,44","4,46","4,29","-","-0,23%"
"30.06.2014","4,44","4,45","5,16","4,40","-","3,26%"
"27.06.2014","4,30","4,39","4,41","4,28","-","-0,23%"
"26.06.2014","4,31","4,40","4,72","4,26","-","-2,49%"
"25.06.2014","4,42","4,43","5,26","4,39","-","0,68%"
"24.06.2014","4,39","4,36","4,40","4,29","-","1,15%"
"23.06.2014","4,34","4,32","4,37","4,24","-","0,93%"
"20.06.2014","4,30","4,24","4,43","4,21","-","0,47%"
"19.06.2014","4,28","4,17","5,58","3,88","-","-0,23%"
"18.06.2014","4,29","4,70","6,09","4,25","-","-10,25%"
"17.06.2014","4,78","4,68","14,58","4,63","-","4,37%"
"16.06.2014","4,58","4,64","4,67","4,33","-","2,23%"
"13.06.2014","4,48","4,60","6,75","4,39","-","-2,61%"
"12.06.2014","4,60","4,59","4,76","4,47","-","0,88%"
"11.06.2014","4,56","4,60","4,60","4,51","-","0,22%"
"10.06.2014","4,55","4,50","4,63","4,47","-","-0,66%"
"09.06.2014","4,58","4,78","4,85","4,58","-","-1,29%"
"06.06.2014","4,64","4,84","4,89","3,30","-","-7,01%"
"05.06.2014","4,99","5,27","5,30","4,98","-","-7,76%"
"04.06.2014","5,41","5,54","5,91","5,37","-","-0,92%"
"03.06.2014","5,46","5,47","5,49","5,34","-","1,11%"
"02.06.2014","5,40","5,37","5,54","5,32","-","4,25%"
"30.05.2014","5,18","5,25","6,72","5,16","-","1,97%"
"29.05.2014","5,08","5,11","5,19","4,92","-","0,99%"
"28.05.2014","5,03","4,84","5,06","4,83","-","4,79%"
"27.05.2014","4,80","4,92","4,92","4,78","-","3,00%"
"23.05.2014","4,66","4,64","4,71","4,55","-","-0,43%"
"22.05.2014","4,68","4,81","4,81","4,67","-","-3,31%"
"21.05.2014","4,84","4,92","4,98","4,82","-","-0,41%"
"20.05.2014","4,86","4,95","4,96","4,83","-","-0,61%"
"19.05.2014","4,89","4,88","4,97","4,85","-","1,66%"
"16.05.2014","4,81","4,98","5,01","4,80","-","-2,83%"
"15.05.2014","4,95","4,71","7,94","4,66","-","6,45%"
"14.05.2014","4,65","4,51","4,73","4,20","-","5,44%"
"13.05.2014","4,41","4,44","4,46","2,28","-","-0,90%"
"12.05.2014","4,45","4,46","4,48","4,40","-","1,83%"
"09.05.2014","4,37","4,36","4,37","4,30","-","-0,68%"
"08.05.2014","4,40","4,53","4,59","4,35","-","-5,38%"
"07.05.2014","4,65","4,84","4,85","4,63","-","-3,33%"
"06.05.2014","4,81","4,77","4,82","4,75","-","1,48%"
"05.05.2014","4,74","4,72","4,78","4,67","-","2,38%"
"02.05.2014","4,63","4,85","4,87","3,72","-","-8,13%"
"01.05.2014","5,04","5,17","5,97","4,80","-","1,82%"
"30.04.2014","4,95","5,14","5,17","4,78","-","-3,32%"
"29.04.2014","5,12","5,08","5,14","5,06","-","-1,35%"
"28.04.2014","5,19","5,19","5,21","5,07","-","4,01%"
"25.04.2014","4,99","4,94","5,07","4,89","-","3,74%"
"24.04.2014","4,81","4,89","4,99","4,55","-","2,12%"
"23.04.2014","4,71","4,61","4,76","4,58","-","-0,21%"
"22.04.2014","4,72","4,82","4,82","4,70","-","-0,42%"
"21.04.2014","4,74","4,82","4,84","4,70","-","-0,84%"
"17.04.2014","4,78","4,74","4,82","4,67","-","-0,62%"
"16.04.2014","4,81","4,95","4,95","4,79","-","-3,02%"
"15.04.2014","4,96","5,00","5,12","4,76","-","-0,40%"
"14.04.2014","4,98","5,04","5,05","4,95","-","2,89%"
"11.04.2014","4,84","4,82","4,88","4,71","-","10,50%"
"10.04.2014","4,38","4,23","5,01","4,20","-","4,04%"
"09.04.2014","4,21","4,35","4,70","4,21","-","-2,77%"
"08.04.2014","4,33","4,41","4,43","4,29","-","5,35%"
"07.04.2014","4,11","4,19","4,22","4,10","-","-3,07%"
"04.04.2014","4,24","5,13","5,14","4,10","-","-15,71%"
"03.04.2014","5,03","5,09","5,22","4,95","-","-0,79%"
"02.04.2014","5,07","5,01","5,11","4,93","-","1,60%"
"01.04.2014","4,99","5,15","5,17","4,97","-","-3,11%"
"31.03.2014","5,15","5,18","5,30","5,08","-","2,39%"
"28.03.2014","5,03","4,96","5,06","4,60","-","2,65%"
"27.03.2014","4,90","4,84","4,93","4,73","-","4,48%"
"26.03.2014","4,69","4,67","4,70","4,61","-","0,64%"
"25.03.2014","4,66","4,70","4,76","4,61","-","-2,31%"
"24.03.2014","4,77","4,78","4,82","4,62","-","4,15%"
"21.03.2014","4,58","4,61","4,64","4,44","-","-2,14%"
"20.03.2014","4,68","4,91","4,99","4,08","-","-8,41%"
"19.03.2014","5,11","4,93","9,69","4,24","-","2,82%"
"18.03.2014","4,97","5,23","5,27","4,95","-","-4,42%"
"17.03.2014","5,20","5,22","5,31","2,48","-","-1,70%"
"14.03.2014","5,29","4,94","5,44","4,61","-","7,30%"
"13.03.2014","4,93","4,74","5,32","4,68","-","4,89%"
"12.03.2014","4,70","4,76","4,79","4,49","-","-0,21%"
"11.03.2014","4,71","4,75","4,75","4,66","-","-0,42%"
"10.03.2014","4,73","4,90","4,90","4,68","-","0,21%"
"07.03.2014","4,72","4,96","4,98","4,23","-","-6,16%"
"06.03.2014","5,03","5,26","5,31","4,98","-","-2,14%"
"05.03.2014","5,14","5,43","5,47","5,11","-","-3,20%"
"04.03.2014","5,31","5,16","5,33","5,11","-","-1,12%"
"03.03.2014","5,37","5,37","5,56","5,24","-","7,19%"
"28.02.2014","5,01","4,98","5,18","4,18","-","0,00%"
"27.02.2014","5,01","5,29","5,31","5,01","-","-1,18%"
"26.02.2014","5,07","4,92","5,42","4,85","-","4,54%"
"25.02.2014","4,85","4,88","4,89","4,51","-","0,21%"
"24.02.2014","4,84","5,01","5,04","4,84","-","-1,22%"
"21.02.2014","4,90","4,99","5,07","4,86","-","-0,81%"
"20.02.2014","4,94","5,16","6,59","4,94","-","-1,20%"
"19.02.2014","5,00","5,08","6,39","4,54","-","0,81%"
"18.02.2014","4,96","4,80","5,08","4,74","-","7,36%"
"14.02.2014","4,62","4,68","5,08","4,54","-","-2,12%"
"13.02.2014","4,72","5,18","5,85","4,51","-","-8,17%"
"12.02.2014","5,14","5,39","5,42","4,34","-","-3,38%"
"11.02.2014","5,32","5,21","5,50","3,30","-","3,70%"
"10.02.2014","5,13","5,33","5,33","5,12","-","-1,16%"
"07.02.2014","5,19","5,64","5,65","3,41","-","-10,52%"
"06.02.2014","5,80","6,04","6,04","5,70","-","-2,19%"
"05.02.2014","5,93","6,08","8,00","5,85","-","-4,05%"
"04.02.2014","6,18","6,04","7,54","6,00","-","2,32%"
"03.02.2014","6,04","5,77","6,04","5,71","-","12,27%"
"31.01.2014","5,38","5,33","5,49","5,04","-","4,26%"
"30.01.2014","5,16","5,37","7,02","4,67","-","-1,53%"
"29.01.2014","5,24","5,28","5,42","4,60","-","-1,13%"
"28.01.2014","5,30","5,43","5,57","5,25","-","-4,33%"
"27.01.2014","5,54","5,51","5,58","5,28","-","7,57%"
"24.01.2014","5,15","5,31","5,57","5,11","-","1,58%"
"23.01.2014","5,07","4,85","5,38","4,81","-","3,47%"
"22.01.2014","4,90","4,87","4,94","4,77","-","2,30%"
"21.01.2014","4,79","4,83","4,84","4,70","-","7,40%"
"17.01.2014","4,46","4,43","5,58","4,31","-","7,73%"
"16.01.2014","4,14","4,14","4,18","4,10","-","-0,72%"
"15.01.2014","4,17","4,17","4,19","4,12","-","-13,84%"
"14.01.2014","4,84","4,75","5,60","4,69","-","5,45%"
"13.01.2014","4,59","4,59","4,66","4,53","-","1,77%"
"10.01.2014","4,51","5,11","5,31","4,29","-","-6,63%"
"09.01.2014","4,83","4,94","5,64","4,80","-","-4,92%"
"08.01.2014","5,08","5,30","5,42","5,08","-","1,60%"
"07.01.2014","5,00","4,99","5,16","4,92","-","-2,53%"
"06.01.2014","5,13","5,16","5,17","4,58","-","1,38%"
"03.01.2014","5,06","5,09","5,12","4,99","-","-1,56%"
"02.01.2014","5,14","5,25","5,47","5,09","-","0,19%"
"31.12.2013","5,13","5,07","5,15","4,97","-","1,99%"
"30.12.2013","5,03","5,25","5,25","5,01","-","-0,59%"
"27.12.2013","5,06","5,01","5,09","4,92","-","3,05%"
"26.12.2013","4,91","4,94","5,01","4,89","-","-1,41%"
"24.12.2013","4,98","4,74","5,38","4,56","-","5,29%"
"23.12.2013","4,73","4,91","4,96","4,65","-","1,94%"
"20.12.2013","4,64","4,85","4,99","4,53","-","-2,93%"
"19.12.2013","4,78","4,87","5,47","4,17","-","-2,45%"
"18.12.2013","4,90","5,29","5,36","3,76","-","-5,41%"
"17.12.2013","5,18","5,36","5,39","4,50","-","-4,07%"
"16.12.2013","5,40","5,36","5,63","5,28","-","0,75%"
"13.12.2013","5,36","5,44","5,48","5,34","-","-2,19%"
"12.12.2013","5,48","5,46","5,65","5,01","-","3,01%"
"11.12.2013","5,32","5,35","5,42","5,05","-","2,11%"
"10.12.2013","5,21","5,33","5,33","5,17","-","-6,13%"
"09.12.2013","5,55","5,46","5,56","5,35","-","-0,18%"
"06.12.2013","5,56","5,99","6,00","5,13","-","-6,87%"
"05.12.2013","5,97","6,06","6,20","5,26","-","-1,49%"
"04.12.2013","6,06","6,31","6,45","6,05","-","2,89%"
"03.12.2013","5,89","5,95","5,97","5,82","-","-1,67%"
"02.12.2013","5,99","5,98","6,19","5,93","-","28,27%"
"29.11.2013","4,67","5,51","5,71","4,67","-","-12,87%"
"27.11.2013","5,36","5,37","6,04","5,20","-","3,88%"
"26.11.2013","5,16","5,21","5,89","5,10","-","0,58%"
"25.11.2013","5,13","5,14","5,33","5,07","-","0,98%"
"22.11.2013","5,08","5,37","5,41","5,01","-","-7,47%"
"21.11.2013","5,49","5,66","6,90","5,43","-","-3,85%"
"20.11.2013","5,71","5,22","6,29","1,69","-","10,87%"
"19.11.2013","5,15","4,97","5,17","4,83","-","6,85%"
"18.11.2013","4,82","4,85","4,95","4,65","-","0,00%"
"15.11.2013","4,82","4,98","5,01","4,56","-","-2,82%"
"14.11.2013","4,96","5,09","5,82","4,90","-","-8,32%"
"13.11.2013","5,41","5,40","5,49","4,94","-","-1,46%"
"12.11.2013","5,49","5,52","5,62","5,42","-","-1,08%"
"11.11.2013","5,55","5,50","5,56","5,46","-","3,54%"
"08.11.2013","5,36","5,27","5,76","4,41","-","1,13%"
"07.11.2013","5,30","5,20","5,35","5,20","-","-0,93%"
"06.11.2013","5,35","5,49","5,50","5,34","-","-5,98%"
"05.11.2013","5,69","5,48","5,90","5,48","-","4,98%"
"04.11.2013","5,42","5,59","5,60","5,39","-","-3,90%"
"01.11.2013","5,64","5,58","5,70","5,13","-","8,05%"
"31.10.2013","5,22","4,86","5,38","4,81","-","4,40%"
"30.10.2013","5,00","4,99","5,22","4,72","-","2,25%"
"29.10.2013","4,89","4,92","4,99","4,81","-","2,09%"
"28.10.2013","4,79","4,90","4,92","4,73","-","-0,21%"
"25.10.2013","4,80","4,94","4,94","4,79","-","-3,81%"
"24.10.2013","4,99","4,92","4,99","4,82","-","3,74%"
"23.10.2013","4,81","4,70","4,90","4,69","-","-1,23%"
"22.10.2013","4,87","5,63","6,25","4,86","-","-15,60%"
"21.10.2013","5,77","5,98","6,00","5,74","-","0,87%"
"18.10.2013","5,72","5,51","5,87","5,48","-","4,00%"
"17.10.2013","5,50","5,41","5,57","5,35","-","-1,43%"
"16.10.2013","5,58","5,98","6,15","5,56","-","-6,84%"
"15.10.2013","5,99","5,87","6,03","5,76","-","-1,16%"
"14.10.2013","6,06","5,94","6,13","5,91","-","6,88%"
"11.10.2013","5,67","5,77","5,77","5,58","-","-2,91%"
"10.10.2013","5,84","6,28","6,65","5,84","-","-2,83%"
"09.10.2013","6,01","6,44","9,02","5,99","-","-6,09%"
"08.10.2013","6,40","6,54","6,56","6,32","-","0,95%"
"07.10.2013","6,34","6,18","6,35","6,17","-","5,14%"
"04.10.2013","6,03","6,06","6,23","6,02","-","0,00%"
"03.10.2013","6,03","6,00","24,98","5,92","-","0,17%"
"02.10.2013","6,02","6,01","6,12","5,93","-","-5,49%"
"01.10.2013","6,37","6,62","6,85","6,27","-","-4,50%"
"30.09.2013","6,67","6,50","6,76","6,46","-","10,98%"
"27.09.2013","6,01","6,00","6,01","5,84","-","0,84%"
"26.09.2013","5,96","5,89","5,96","5,86","-","3,11%"
"25.09.2013","5,78","5,82","8,72","5,67","-","1,23%"
"24.09.2013","5,71","5,66","6,00","5,58","-","0,53%"
"23.09.2013","5,68","5,66","5,73","5,58","-","2,53%"
"20.09.2013","5,54","5,86","5,97","5,52","-","-4,65%"
"19.09.2013","5,81","5,64","6,64","5,34","-","-2,02%"
"18.09.2013","5,93","6,85","16,44","5,67","-","-10,96%"
"17.09.2013","6,66","6,99","7,07","5,95","-","-5,13%"
"16.09.2013","7,02","6,63","7,12","6,49","-","2,18%"
"13.09.2013","6,87","7,18","7,58","3,53","-","-5,24%"
"12.09.2013","7,25","7,22","7,40","7,07","-","-0,68%"
"11.09.2013","7,30","7,40","7,48","7,26","-","-4,58%"
"10.09.2013","7,65","7,72","7,73","7,56","-","2,00%"
"09.09.2013","7,50","7,72","7,72","7,48","-","-3,47%"
"06.09.2013","7,77","8,14","8,15","7,26","-","-8,91%"
"05.09.2013","8,53","8,50","8,62","8,29","-","0,83%"
"04.09.2013","8,46","8,51","8,68","8,29","-","0,00%"
"03.09.2013","8,46","8,48","8,89","8,35","-","3,30%"
"30.08.2013","8,19","7,80","8,24","7,72","-","3,93%"
"29.08.2013","7,88","7,94","8,21","7,41","-","-0,38%"
"28.08.2013","7,91","7,60","7,99","7,59","-","5,33%"
"27.08.2013","7,51","7,43","7,76","7,38","-","-0,79%"
"26.08.2013","7,57","7,71","7,74","7,46","-","-0,13%"
"23.08.2013","7,58","8,20","8,21","7,17","-","-6,30%"
"22.08.2013","8,09","8,31","8,48","7,89","-","1,89%"
"21.08.2013","7,94","7,89","8,33","7,86","-","0,25%"
"20.08.2013","7,92","7,98","7,99","7,85","-","-4,46%"
"19.08.2013","8,29","8,11","8,41","7,99","-","6,28%"
"16.08.2013","7,80","7,72","8,35","7,41","-","10,01%"
"15.08.2013","7,09","7,04","7,44","5,35","-","6,78%"
"14.08.2013","6,64","6,57","7,12","3,89","-","0,61%"
"13.08.2013","6,60","6,25","6,65","3,43","-","14,98%"
"12.08.2013","5,74","5,76","5,76","5,59","-","4,74%"
"09.08.2013","5,48","5,55","5,58","5,45","-","-1,62%"
"08.08.2013","5,57","5,74","7,02","5,53","-","-1,59%"
"07.08.2013","5,66","5,78","7,02","5,63","-","-2,75%"
"06.08.2013","5,82","5,98","6,00","5,30","-","-3,48%"
"05.08.2013","6,03","6,13","7,14","6,03","-","5,42%"
"02.08.2013","5,72","7,47","7,47","5,63","-","-21,32%"
"01.08.2013","7,27","6,70","18,42","6,39","-","11,50%"
"31.07.2013","6,52","7,15","8,58","6,34","-","-1,36%"
"30.07.2013","6,61","6,56","6,62","6,38","-","0,30%"
"29.07.2013","6,59","6,35","8,60","6,35","-","6,63%"
"26.07.2013","6,18","5,99","6,20","5,87","-","-0,48%"
"25.07.2013","6,21","6,25","6,50","5,99","-","-2,82%"
"24.07.2013","6,39","6,09","6,79","6,09","-","12,70%"
"23.07.2013","5,67","5,71","5,73","5,49","-","5,00%"
"22.07.2013","5,40","5,47","5,78","5,23","-","-0,74%"
"19.07.2013","5,44","5,39","5,44","5,16","-","-2,86%"
"18.07.2013","5,60","5,64","6,09","4,00","-","-5,88%"
"17.07.2013","5,95","6,67","7,37","5,89","-","-8,60%"
"16.07.2013","6,51","6,57","7,19","6,46","-","-1,06%"
"15.07.2013","6,58","6,97","6,97","6,48","-","-0,75%"
"12.07.2013","6,63","6,27","6,66","6,15","-","1,84%"
"11.07.2013","6,51","6,82","7,20","6,49","-","-10,58%"
"10.07.2013","7,28","7,19","7,35","6,95","-","2,25%"
"09.07.2013","7,12","7,62","7,63","7,09","-","-7,05%"
"08.07.2013","7,66","8,41","8,41","7,65","-","-6,36%"
"05.07.2013","8,18","8,19","8,62","5,79","-","2,25%"
"03.07.2013","8,00","7,61","8,00","6,47","-","6,67%"
"02.07.2013","7,50","7,42","7,51","7,32","-","1,49%"
"01.07.2013","7,39","7,84","7,85","7,20","-","0,54%"
"28.06.2013","7,35","7,44","8,81","7,17","-","1,80%"
"27.06.2013","7,22","7,54","11,12","7,11","-","-7,08%"
"26.06.2013","7,77","8,08","8,25","7,15","-","-6,95%"
"25.06.2013","8,35","8,06","9,11","8,05","-","-3,13%"
"24.06.2013","8,62","10,15","10,62","8,54","-","10,80%"
"21.06.2013","7,78","6,78","7,78","6,75","-","13,41%"
"20.06.2013","6,86","6,97","12,51","6,58","-","5,86%"
"19.06.2013","6,48","6,04","9,08","5,43","-","6,23%"
"18.06.2013","6,10","6,13","6,33","6,06","-","1,84%"
"17.06.2013","5,99","5,92","6,02","5,78","-","1,53%"
"14.06.2013","5,90","5,99","6,01","5,13","-","-1,01%"
"13.06.2013","5,96","6,12","18,57","5,78","-","-1,81%"
"12.06.2013","6,07","6,08","6,18","5,64","-","1,17%"
"11.06.2013","6,00","6,31","6,32","5,96","-","0,00%"
"10.06.2013","6,00","5,95","6,25","5,95","-","-0,33%"
"07.06.2013","6,02","6,39","6,45","5,55","-","-4,29%"
"06.06.2013","6,29","6,35","6,53","6,09","-","-1,10%"
"05.06.2013","6,36","6,54","6,54","5,33","-","-2,30%"
"04.06.2013","6,51","6,54","6,69","6,45","-","-1,96%"
"03.06.2013","6,64","6,56","11,46","4,87","-","6,24%"
"31.05.2013","6,25","5,99","6,64","5,79","-","2,29%"
"30.05.2013","6,11","6,72","6,75","6,04","-","-7,42%"